pl_name,pl_orbper,pl_orbsmax,st_mass,discoverymethod,disc_year
"Kepler-6 b",3.23469960000,0.0485200000,1.209000,"Transit",2009
"Kepler-257 b",2.38266700000,0.0340000000,,"Transit",2014
"Kepler-216 b",7.69364100000,0.0790000000,,"Transit",2014
"Kepler-32 c",8.75220000000,0.0900000000,0.580000,"Transit",2011
"Kepler-259 c",36.92493100000,0.2170000000,,"Transit",2014
"Kepler-148 c",4.18004300000,0.0500000000,,"Transit",2014
"Kepler-222 d",28.08191200000,0.1800000000,,"Transit",2014
"Kepler-179 b",2.73592600000,0.0360000000,,"Transit",2014
"Kepler-165 c",15.31299000000,0.1100000000,,"Transit",2014
"Kepler-228 c",4.13444400000,0.0520000000,,"Transit",2014
"Kepler-20 c",10.85407740000,0.0936000000,0.929000,"Transit",2011
"Kepler-197 d",15.67756300000,0.1190000000,,"Transit",2014
"K2-270 b",1.54306900000,0.0247000000,0.850000,"Transit",2018
"Kepler-184 d",29.02235800000,0.1790000000,,"Transit",2014
"Kepler-257 d",24.66455100000,0.1600000000,,"Transit",2014
"K2-280 b",19.89526000000,0.1461000000,1.030000,"Transit",2018
"Kepler-222 c",10.08881000000,0.0910000000,,"Transit",2014
"HATS-36 b",4.17518600000,0.0523000000,1.100000,"Transit",2018
"Kepler-229 b",6.25297200000,0.0620000000,,"Transit",2014
"K2-222 b",15.38892740000,0.1186000000,0.940000,"Transit",2018
"K2-216 b",2.17480000000,0.0280000000,0.700000,"Transit",2018
"Kepler-166 c",34.26028100000,0.1950000000,,"Transit",2014
"K2-151 b",3.83547600000,0.0373000000,0.470000,"Transit",2018
"K2-295 b",4.02486700000,0.0451000000,0.740000,"Transit",2018
"K2-283 b",1.92103600000,0.0291000000,0.890000,"Transit",2018
"K2-281 b",8.68772100000,0.0773000000,0.820000,"Transit",2018
"Kepler-197 b",5.59930800000,0.0600000000,,"Transit",2014
"K2-157 b",0.36525750000,0.0096200000,0.890000,"Transit",2018
"K2-158 b",10.06049000000,0.0887000000,0.920000,"Transit",2018
"K2-244 b",21.06884000000,0.1418000000,0.860000,"Transit",2018
"Kepler-108 c",190.32349400000,0.7210000000,,"Transit",2014
"K2-159 b",12.42205000000,0.1013000000,0.900000,"Transit",2018
"K2-162 b",9.45889000000,0.0795000000,0.750000,"Transit",2018
"Kepler-108 b",49.18392100000,0.2920000000,,"Transit",2014
"EPIC 201595106 b",0.87724000000,0.0177000000,0.958000,"Transit",2021
"K2-166 b",8.52695000000,0.0858000000,1.160000,"Transit",2018
"Kepler-9 d",1.59285100000,0.0273000000,1.070000,"Transit",2010
"K2-263 b",50.81917200000,0.2573000000,0.880000,"Transit",2018
"K2-188 b",1.74216900000,0.0289000000,1.060000,"Transit",2018
"Kepler-42 b",1.21376720000,0.0116000000,0.130000,"Transit",2011
"K2-203 b",9.69520000000,0.0824000000,0.793000,"Transit",2018
"K2-204 b",7.05590800000,0.0738000000,1.076000,"Transit",2018
"K2-208 b",4.19097000000,0.0487800000,0.881000,"Transit",2018
"K2-211 b",0.66956100000,0.0141900000,0.851000,"Transit",2018
"K2-224 b",4.47904000000,0.0516000000,0.910000,"Transit",2018
"K2-224 c",10.09489000000,0.0886000000,0.910000,"Transit",2018
"K2-225 b",15.87230000000,0.1409000000,1.482000,"Transit",2018
"K2-226 b",3.27109000000,0.0409500000,0.856000,"Transit",2018
"K2-228 b",2.69828000000,0.0338000000,0.710000,"Transit",2018
"K2-229 c",8.32727000000,0.0769000000,0.870000,"Transit",2018
"K2-230 b",2.86041000000,0.0409000000,1.110000,"Transit",2018
"EPIC 229004835 b",16.14113200000,0.1237000000,0.970000,"Transit",2023
"K2-259 b",15.48043000000,0.1271000000,1.140000,"Transit",2018
"G 9-40 b",5.74599820000,0.0418000000,0.295200,"Transit",2019
"HD 80653 b",0.71957300000,0.0166100000,1.180000,"Transit",2020
"Kepler-21 b",2.78582120000,0.0434000000,1.408000,"Transit",2012
"Kepler-8 b",3.52249910000,0.0474000000,1.213000,"Transit",2010
"KOI-984 b",4.28817850000,0.0504000000,0.928000,"Transit",2022
"Kepler-262 c",21.85372200000,0.1520000000,,"Transit",2014
"Kepler-264 b",40.80623100000,0.2490000000,,"Transit",2014
"HD 73344 b",15.61100000000,0.1310000000,1.200000,"Transit",2024
"Kepler-263 b",16.56808700000,0.1200000000,,"Transit",2014
"Kepler-261 b",10.38122700000,0.0880000000,,"Transit",2014
"Kepler-260 b",8.18739900000,0.0750000000,,"Transit",2014
"Kepler-268 b",25.93413800000,0.1800000000,,"Transit",2014
"Kepler-119 b",2.42208200000,0.0350000000,,"Transit",2014
"11 UMi b",516.21997000000,1.5300000000,2.780000,"Radial Velocity",2009
"14 And b",186.76000000000,0.7750000000,1.780000,"Radial Velocity",2008
"16 Cyg B b",798.50000000000,1.6600000000,1.080000,"Radial Velocity",1996
"18 Del b",982.85000000000,2.4760000000,2.100000,"Radial Velocity",2008
"24 Sex b",452.80000000000,1.3330000000,1.540000,"Radial Velocity",2010
"24 Sex c",883.00000000000,2.0800000000,1.540000,"Radial Velocity",2010
"47 UMa b",1078.00000000000,2.1000000000,1.060000,"Radial Velocity",1996
"47 UMa c",2391.00000000000,3.6000000000,1.060000,"Radial Velocity",2001
"47 UMa d",14002.00000000000,11.6000000000,1.060000,"Radial Velocity",2009
"4 UMa b",270.27000000000,0.8770000000,1.234000,"Radial Velocity",2006
"51 Peg b",4.23079660000,0.0520000000,1.070000,"Radial Velocity",1995
"55 Cnc b",14.65155200000,0.1180000000,1.015000,"Radial Velocity",1996
"55 Cnc c",44.39360000000,0.2470000000,1.015000,"Radial Velocity",2004
"55 Cnc d",4799.00000000000,5.6000000000,1.015000,"Radial Velocity",2002
"55 Cnc e",0.73654740000,0.0154400000,0.905000,"Radial Velocity",2004
"55 Cnc f",260.58000000000,0.8020000000,1.015000,"Radial Velocity",2007
"61 Vir b",4.21500000000,0.0502010000,0.942000,"Radial Velocity",2009
"61 Vir c",38.02100000000,0.2175000000,0.942000,"Radial Velocity",2009
"61 Vir d",123.01000000000,0.4760000000,0.942000,"Radial Velocity",2009
"6 Lyn b",919.86000000000,2.0280000000,1.320000,"Radial Velocity",2008
"70 Vir b",116.68800000000,0.4810000000,1.090000,"Radial Velocity",1996
"7 CMa b",735.10000000000,1.7580000000,1.340000,"Radial Velocity",2011
"81 Cet b",1005.57000000000,2.1040000000,1.230000,"Radial Velocity",2008
"BD-08 2823 b",5.60000000000,0.0600000000,0.500000,"Radial Velocity",2009
"BD-08 2823 c",237.60000000000,0.6800000000,0.740000,"Radial Velocity",2009
"BD-10 3166 b",3.48777000000,0.0400000000,1.470000,"Radial Velocity",2000
"BD+14 4559 b",268.94000000000,0.7800000000,0.490000,"Radial Velocity",2009
"BD+20 2457 b",379.63000000000,1.4500000000,2.800000,"Radial Velocity",2009
"BD+20 2457 c",621.99000000000,2.0100000000,2.800000,"Radial Velocity",2009
"BD+48 738 b",392.60000000000,1.0000000000,0.740000,"Radial Velocity",2011
"bet Pic b",8682.00000000000,10.0700000000,1.789000,"Imaging",2008
"CoRoT-10 b",13.24060000000,0.1055000000,0.890000,"Transit",2010
"CoRoT-11 b",2.99433000000,0.0436000000,1.270000,"Transit",2010
"CoRoT-12 b",2.82804200000,0.0401600000,1.078000,"Transit",2010
"CoRoT-13 b",4.03519000000,0.0510000000,1.090000,"Transit",2010
"CoRoT-14 b",1.51214000000,0.0270000000,1.130000,"Transit",2010
"CoRoT-17 b",3.76810000000,0.0461000000,1.040000,"Transit",2011
"CoRoT-18 b",1.90006930000,0.0295000000,0.950000,"Transit",2011
"CoRoT-19 b",3.89713000000,0.0518000000,1.210000,"Transit",2011
"CoRoT-20 b",9.24285000000,0.0900000000,1.140000,"Transit",2011
"CoRoT-23 b",3.63130000000,0.0480000000,1.140000,"Transit",2011
"CoRoT-2 b",1.74299350000,0.0279800000,0.960000,"Transit",2008
"CoRoT-4 b",9.20205000000,0.0900000000,1.160000,"Transit",2008
"CoRoT-5 b",4.03789620000,0.0494700000,1.000000,"Transit",2009
"CoRoT-6 b",8.88659300000,0.0855000000,1.050000,"Transit",2009
"CoRoT-7 c",3.69800000000,0.0460000000,0.899000,"Radial Velocity",2009
"CoRoT-8 b",6.21229000000,0.0630000000,0.880000,"Transit",2010
"CoRoT-9 b",95.27265600000,0.4021000000,0.960000,"Transit",2009
"DP Leo b",10220.00000000000,8.1900000000,0.690000,"Eclipse Timing Variations",2009
"eps Eri b",2680.00000000000,3.5300000000,0.820000,"Radial Velocity",2000
"eps Tau b",585.82000000000,1.8780000000,2.570000,"Radial Velocity",2006
"gam1 Leo b",428.50000000000,1.1900000000,1.230000,"Radial Velocity",2009
"GJ 1214 b",1.58040453100,0.0150500000,0.182000,"Transit",2009
"GJ 3021 b",133.71000000000,0.4900000000,0.900000,"Radial Velocity",2000
"GJ 317 b",695.69000000000,1.1380000000,0.402000,"Radial Velocity",2007
"GJ 3634 b",2.64561000000,0.0287000000,0.450000,"Radial Velocity",2010
"GJ 433 b",7.37050000000,0.0620000000,0.480000,"Radial Velocity",2013
"GJ 436 b",2.64388312000,0.0291000000,0.470000,"Radial Velocity",2004
"GJ 649 b",600.10000000000,1.1120000000,0.510000,"Radial Velocity",2009
"GJ 667 C c",28.14000000000,0.1250000000,0.330000,"Radial Velocity",2013
"GJ 674 b",4.69380000000,0.0390000000,0.350000,"Radial Velocity",2007
"GJ 676 A b",1051.44521000000,1.7350000000,0.626000,"Radial Velocity",2010
"GJ 832 b",3853.00000000000,3.7000000000,0.450000,"Radial Velocity",2008
"GJ 849 b",1925.31000000000,2.3200000000,0.450000,"Radial Velocity",2006
"GJ 179 b",2288.00000000000,2.4100000000,0.357000,"Radial Velocity",2009
"GJ 581 b",5.36860000000,0.0399000000,0.295000,"Radial Velocity",2005
"GJ 581 c",12.92110000000,0.0718000000,0.295000,"Radial Velocity",2007
"GJ 581 e",3.14810000000,0.0279900000,0.295000,"Radial Velocity",2009
"GJ 86 b",15.76491000000,0.1100000000,0.930000,"Radial Velocity",1999
"GJ 876 b",61.11660000000,0.2083170000,0.320000,"Radial Velocity",1998
"GJ 876 c",30.08810000000,0.1295900000,0.320000,"Radial Velocity",2000
"GJ 876 d",1.93778000000,0.0208066500,0.320000,"Radial Velocity",2005
"GJ 876 e",124.26000000000,0.3343000000,0.320000,"Radial Velocity",2010
"HAT-P-12 b",3.21305980000,0.0384000000,0.733000,"Transit",2009
"Kepler-123 b",17.23236600000,0.1350000000,,"Transit",2014
"HAT-P-17 c",5584.00000000000,5.6000000000,0.920000,"Radial Velocity",2012
"HAT-P-18 b",5.50802300000,0.0559000000,0.770000,"Transit",2010
"HAT-P-19 b",4.00878322000,0.0459900000,0.807000,"Transit",2010
"HAT-P-1 b",4.46529976000,0.0556100000,1.151000,"Transit",2006
"HAT-P-20 b",2.87531700000,0.0361000000,0.756000,"Transit",2010
"HAT-P-23 b",1.21288400000,0.0232000000,1.130000,"Transit",2010
"HAT-P-25 b",3.65281514000,0.0466000000,1.012000,"Transit",2012
"HAT-P-27 b",3.03957700000,0.0400000000,0.916000,"Transit",2011
"HAT-P-28 b",3.25721500000,0.0434000000,1.025000,"Transit",2011
"HAT-P-2 b",5.63351580000,0.0681400000,1.330000,"Transit",2007
"HAT-P-32 b",2.15000820000,0.0339700000,1.132000,"Transit",2011
"HAT-P-34 b",5.45265400000,0.0677400000,1.392000,"Transit",2011
"HAT-P-35 b",3.64670600000,0.0497800000,1.236000,"Transit",2011
"HAT-P-36 b",1.32734683000,0.0241000000,1.030000,"Transit",2011
"HAT-P-37 b",2.79743600000,0.0379000000,0.929000,"Transit",2011
"HAT-P-4 b",3.05653600000,0.0443800000,1.248000,"Transit",2007
"HAT-P-9 b",3.92281072000,0.0528700000,1.281000,"Transit",2008
"HD 100655 b",157.57001000000,0.6800000000,2.280000,"Radial Velocity",2011
"HD 100777 b",383.00000000000,1.0600000000,1.080000,"Radial Velocity",2007
"HD 10180 c",5.75969000000,0.0641200000,1.060000,"Radial Velocity",2010
"HD 10180 d",16.35700000000,0.1285900000,1.060000,"Radial Velocity",2010
"HD 10180 e",49.74800000000,0.2699000000,1.060000,"Radial Velocity",2010
"HD 10180 f",122.74400000000,0.4929000000,1.060000,"Radial Velocity",2010
"HD 10180 g",604.67000000000,1.4270000000,1.060000,"Radial Velocity",2010
"HD 10180 h",2205.00000000000,3.3810000000,1.060000,"Radial Velocity",2010
"HD 101930 b",70.46000000000,0.3000000000,0.570000,"Radial Velocity",2005
"HD 102117 b",20.81330000000,0.1500000000,1.060000,"Radial Velocity",2005
"HD 102195 b",4.11377000000,0.0500000000,0.760000,"Radial Velocity",2006
"Kepler-763 d",6.50327035000,0.0634000000,0.800000,"Transit",2023
"HD 102272 b",127.58000000000,0.5100000000,1.450000,"Radial Velocity",2008
"HD 102329 b",778.09998000000,1.8100000000,3.210000,"Radial Velocity",2011
"HD 102956 b",6.49470000000,0.0807000000,1.660000,"Radial Velocity",2010
"HD 103197 b",47.84000000000,0.2500000000,0.800000,"Radial Velocity",2011
"HD 104067 b",55.85100000000,0.2674000000,0.820000,"Radial Velocity",2011
"HD 104985 b",199.68000000000,0.7150000000,1.220000,"Radial Velocity",2003
"HD 106252 b",1535.00000000000,2.6550000000,1.050000,"Radial Velocity",2002
"HD 106270 b",1888.00000000000,3.3400000000,1.390000,"Radial Velocity",2011
"HD 10647 b",989.20000000000,2.0150000000,1.110000,"Radial Velocity",2006
"HD 10697 b",1075.37990000000,2.0510000000,0.990000,"Radial Velocity",1999
"HD 107148 b",48.05600000000,0.2690000000,1.120000,"Radial Velocity",2005
"HD 108147 b",10.89850000000,0.1020000000,1.220000,"Radial Velocity",2002
"HD 108863 b",437.70000000000,1.3200000000,1.590000,"Radial Velocity",2011
"HD 108874 b",394.48123000000,1.0400000000,1.100000,"Radial Velocity",2002
"HD 108874 c",1624.00000000000,2.6590000000,0.950000,"Radial Velocity",2005
"HD 109246 b",68.27000000000,0.3300000000,1.200000,"Radial Velocity",2010
"HD 109749 b",5.23989100000,0.0615000000,1.130000,"Radial Velocity",2005
"HD 110014 b",835.47700000000,2.1400000000,2.170000,"Radial Velocity",2009
"HD 111232 b",1169.13202000000,2.1480000000,0.960000,"Radial Velocity",2003
"HD 113538 b",663.20000000000,1.2400000000,0.585000,"Radial Velocity",2010
"HD 113538 c",1818.00000000000,2.4400000000,0.585000,"Radial Velocity",2010
"HD 114386 b",937.70001000000,1.7300000000,0.600000,"Radial Velocity",2003
"HD 114729 b",1121.79000000000,2.0670000000,0.936000,"Radial Velocity",2002
"HD 114783 b",493.70000000000,1.1600000000,0.853000,"Radial Velocity",2001
"HD 11506 b",1617.70000000000,2.8850000000,1.220000,"Radial Velocity",2007
"HD 11506 c",223.92000000000,0.7710000000,1.220000,"Radial Velocity",2008
"HD 116029 b",670.00000000000,1.6500000000,0.830000,"Radial Velocity",2011
"HD 117207 b",2621.75000000000,3.7870000000,1.053000,"Radial Velocity",2004
"HD 117618 b",25.80000000000,0.1800000000,1.077000,"Radial Velocity",2004
"HD 118203 b",6.13497790000,0.0713000000,1.270000,"Radial Velocity",2005
"HD 11964 b",1945.00000000000,3.1600000000,0.910000,"Radial Velocity",2005
"HD 11964 c",37.91000000000,0.2290000000,0.910000,"Radial Velocity",2008
"HD 11977 b",711.00000000000,1.9300000000,1.910000,"Radial Velocity",2005
"HD 121504 b",63.33000000000,0.3300000000,1.620000,"Radial Velocity",2003
"HD 125595 b",9.67370000000,0.0800000000,0.290000,"Radial Velocity",2011
"HD 125612 b",557.69994000000,1.3490000000,1.050000,"Radial Velocity",2007
"HD 125612 c",4.15466000000,0.0510000000,1.050000,"Radial Velocity",2009
"HD 125612 d",2822.72698000000,3.9820000000,1.050000,"Radial Velocity",2009
"HD 126525 b",960.41000000000,1.8370000000,0.897000,"Radial Velocity",2018
"HD 126614 b",1257.25303000000,2.2490000000,0.960000,"Radial Velocity",2009
"HD 12661 b",262.70862000000,0.8400000000,1.200000,"Radial Velocity",2000
"HD 12661 c",1708.00000000000,2.8145000000,1.020000,"Radial Velocity",2002
"HD 128311 b",453.01900000000,1.0840000000,0.828000,"Radial Velocity",2002
"HD 128311 c",921.53800000000,1.7400000000,0.828000,"Radial Velocity",2005
"HD 129445 b",1840.00000000000,2.9000000000,0.990000,"Radial Velocity",2009
"HD 130322 b",10.70871000000,0.0925000000,0.920000,"Radial Velocity",1999
"HD 131496 b",896.00000000000,2.0100000000,1.340000,"Radial Velocity",2011
"HD 13189 b",471.60001000000,1.2500000000,2.240000,"Radial Velocity",2005
"HD 132563 b",1544.00000000000,2.6200000000,1.231000,"Radial Velocity",2011
"HD 134060 b",3.26960000000,0.0444000000,1.095000,"Radial Velocity",2019
"HD 134060 c",1291.56460000000,2.3928000000,1.095000,"Radial Velocity",2019
"HD 134987 b",258.17999000000,0.8100000000,1.100000,"Radial Velocity",1999
"HD 134987 c",5000.00000000000,5.8000000000,1.100000,"Radial Velocity",2009
"HD 136352 b",11.57797000000,0.0964000000,0.870000,"Radial Velocity",2019
"HD 136352 c",27.59221000000,0.1721000000,0.870000,"Radial Velocity",2019
"HD 136352 d",107.24500000000,0.4250000000,0.870000,"Radial Velocity",2019
"Kepler-112 b",8.40887800000,0.0760000000,,"Transit",2014
"HD 136418 b",464.29999000000,1.2900000000,1.480000,"Radial Velocity",2009
"HD 137388 b",330.00000000000,0.8900000000,0.680000,"Radial Velocity",2011
"HD 13808 b",14.18150000000,0.1051900000,0.771000,"Radial Velocity",2021
"HD 13808 c",53.75300000000,0.2554000000,0.771000,"Radial Velocity",2021
"HD 13931 b",4218.00000000000,5.1500000000,1.300000,"Radial Velocity",2009
"HD 139357 b",1124.79139000000,2.9490000000,2.690000,"Radial Velocity",2008
"HD 141937 b",662.37000000000,1.5400000000,1.090000,"Radial Velocity",2002
"HD 142022 A b",1928.00000000000,2.9300000000,0.900000,"Radial Velocity",2005
"HD 142245 b",1299.00000000000,2.7800000000,3.500000,"Radial Velocity",2011
"HD 142415 b",386.29999000000,1.0600000000,1.070000,"Radial Velocity",2003
"Kepler-267 b",3.35372800000,0.0370000000,,"Transit",2014
"HD 142 b",351.43394000000,1.0390000000,1.210000,"Radial Velocity",2001
"HD 143361 b",1039.15000000000,1.9880000000,0.968000,"Radial Velocity",2008
"HD 145377 b",103.95000000000,0.4500000000,1.200000,"Radial Velocity",2008
"HD 145457 b",176.13000000000,0.7620000000,1.900000,"Radial Velocity",2010
"HD 1461 b",5.77152000000,0.0634000000,1.020000,"Radial Velocity",2010
"HD 1461 c",13.50520000000,0.1117000000,1.020000,"Radial Velocity",2015
"HD 147018 b",44.23600000000,0.2388000000,0.927000,"Radial Velocity",2009
"HD 147018 c",1008.00000000000,1.9220000000,0.927000,"Radial Velocity",2009
"HD 147513 b",528.40000000000,1.3200000000,1.110000,"Radial Velocity",2003
"HD 148156 b",1027.00000000000,2.4500000000,1.220000,"Radial Velocity",2009
"HD 148427 b",331.90000000000,1.1100000000,1.640000,"Radial Velocity",2009
"HD 149143 b",4.07182000000,0.0530000000,1.200000,"Radial Velocity",2005
"HD 1502 b",428.50000000000,1.2620000000,1.460000,"Radial Velocity",2011
"HD 152079 b",2918.92000000000,4.1870000000,1.147000,"Radial Velocity",2009
"HD 152581 b",686.50000000000,1.6600000000,1.300000,"Radial Velocity",2011
"HD 153950 b",499.39999000000,1.2800000000,1.250000,"Radial Velocity",2008
"HD 154345 b",3280.00000000000,4.1580000000,0.890000,"Radial Velocity",2006
"HD 154672 b",163.94000000000,0.6000000000,1.180000,"Radial Velocity",2008
"HD 154857 b",408.60001000000,1.2900000000,1.960000,"Radial Velocity",2004
"HD 155358 b",194.30000000000,0.6300000000,1.150000,"Radial Velocity",2007
"HD 155358 c",391.90000000000,1.0200000000,0.920000,"Radial Velocity",2007
"HD 156279 b",133.40355000000,0.5020000000,0.940000,"Radial Velocity",2011
"HD 156411 b",842.20000000000,1.8800000000,1.250000,"Radial Velocity",2009
"HD 156668 b",4.64550000000,0.0500000000,0.772000,"Radial Velocity",2010
"HD 156846 b",359.51001000000,1.1200000000,1.380000,"Radial Velocity",2007
"HD 158038 b",521.00000000000,1.5000000000,1.300000,"Radial Velocity",2011
"HD 159868 b",1184.10000000000,2.3200000000,1.190000,"Radial Velocity",2006
"HD 16141 b",75.52300000000,0.3600000000,1.110000,"Radial Velocity",2000
"HD 16175 b",990.00000000000,2.1200000000,1.630000,"Radial Velocity",2009
"HD 162020 b",8.42820000000,0.0800000000,0.420000,"Radial Velocity",2002
"HD 163607 b",75.22030000000,0.3620000000,1.120000,"Radial Velocity",2012
"HD 163607 c",1272.00000000000,2.3900000000,1.120000,"Radial Velocity",2012
"HD 16417 b",17.24000000000,0.1400000000,1.200000,"Radial Velocity",2008
"HD 164509 b",280.17000000000,0.8700000000,1.120000,"Radial Velocity",2012
"HD 164604 b",653.90000000000,1.3620000000,0.770000,"Radial Velocity",2009
"HD 164922 b",1207.00000000000,2.1600000000,0.926000,"Radial Velocity",2005
"HD 167042 b",417.67000000000,1.2200000000,1.390000,"Radial Velocity",2007
"HD 168443 b",58.11187000000,0.2920000000,0.980000,"Radial Velocity",1998
"HD 168443 c",1753.10960000000,2.8420000000,0.980000,"Radial Velocity",2000
"HD 168746 b",6.40400000000,0.0700000000,1.070000,"Radial Velocity",2002
"HD 1690 b",533.00000000000,1.3600000000,1.860000,"Radial Velocity",2010
"HD 169830 b",225.67372000000,0.7650000000,1.170000,"Radial Velocity",2000
"HD 169830 c",1818.82339000000,3.0750000000,1.170000,"Radial Velocity",2003
"HD 170469 b",1145.00000000000,2.2400000000,1.100000,"Radial Velocity",2007
"HD 17092 b",359.89999000000,1.3100000000,6.730000,"Radial Velocity",2007
"HD 171028 b",550.00000000000,1.3200000000,1.530000,"Radial Velocity",2007
"HD 171238 b",1515.00000000000,2.5180000000,0.920000,"Radial Velocity",2009
"HD 17156 b",21.21642940000,0.1632000000,1.285000,"Radial Velocity",2007
"HD 173416 b",322.03000000000,1.1580000000,2.000000,"Radial Velocity",2008
"HD 175541 b",298.43000000000,0.9750000000,1.390000,"Radial Velocity",2007
"HD 177830 b",410.10001000000,1.1400000000,1.700000,"Radial Velocity",1999
"HD 177830 c",110.90000000000,0.5137000000,1.470000,"Radial Velocity",2010
"HD 178911 B b",71.48400000000,0.3400000000,1.240000,"Radial Velocity",2001
"HD 179079 b",14.47900000000,0.1214000000,1.140000,"Radial Velocity",2008
"HD 179949 b",3.09251400000,0.0443000000,1.210000,"Radial Velocity",2000
"HD 180902 b",510.90000000000,1.4000000000,1.410000,"Radial Velocity",2009
"HD 181342 b",564.10000000000,1.5920000000,1.690000,"Radial Velocity",2009
"HD 181433 b",9.37450000000,0.0828000000,0.860000,"Radial Velocity",2008
"HD 181433 c",1018.50000000000,1.8850000000,0.860000,"Radial Velocity",2008
"HD 181433 d",6896.10000000000,6.7400000000,0.860000,"Radial Velocity",2008
"HD 181720 b",956.00000000000,1.8500000000,1.030000,"Radial Velocity",2009
"HD 183263 b",624.87404000000,1.4600000000,1.060000,"Radial Velocity",2004
"HD 183263 c",4667.97841000000,5.5850000000,1.060000,"Radial Velocity",2008
"HD 185269 b",6.83776000000,0.0770000000,1.300000,"Radial Velocity",2006
"HD 187085 b",1019.74000000000,2.1000000000,1.189000,"Radial Velocity",2006
"HD 187123 b",3.09658280000,0.0426000000,1.040000,"Radial Velocity",1998
"HD 187123 c",3810.00000000000,4.8900000000,1.040000,"Radial Velocity",2008
"HD 18742 b",766.00000000000,1.8200000000,1.360000,"Radial Velocity",2011
"HD 188015 b",461.20000000000,1.2030000000,1.090000,"Radial Velocity",2004
"HD 190360 b",2887.50000000000,3.9650000000,0.996000,"Radial Velocity",2003
"HD 190360 c",17.11625000000,0.1298000000,0.996000,"Radial Velocity",2005
"HD 190647 b",1176.45000000000,2.2310000000,1.069000,"Radial Velocity",2007
"HD 190984 b",4885.00000000000,5.5000000000,0.910000,"Radial Velocity",2009
"HD 192263 b",24.35560000000,0.1500000000,0.660000,"Radial Velocity",1999
"HD 192310 b",74.72000000000,0.3200000000,0.800000,"Radial Velocity",2011
"HD 192310 c",525.80000000000,1.1800000000,0.800000,"Radial Velocity",2011
"HD 192699 b",340.94000000000,1.0630000000,1.380000,"Radial Velocity",2007
"HD 195019 b",18.20132000000,0.1400000000,1.210000,"Radial Velocity",1998
"HD 196050 b",1392.00000000000,2.6500000000,1.270000,"Radial Velocity",2002
"HD 196885 A b",1333.00000000000,2.3700000000,1.280000,"Radial Velocity",2007
"HD 197037 b",1035.70000000000,2.0700000000,1.110000,"Radial Velocity",2012
"HD 19994 b",466.20000000000,1.3050000000,1.365000,"Radial Velocity",2003
"HD 20003 b",11.84820000000,0.0974000000,0.875000,"Radial Velocity",2019
"HD 20003 c",33.92390000000,0.1964000000,0.875000,"Radial Velocity",2019
"HD 200964 b",606.30000000000,1.5650000000,1.390000,"Radial Velocity",2010
"HD 200964 c",852.50000000000,1.9600000000,1.390000,"Radial Velocity",2010
"HD 202206 c",1260.00000000000,2.4100000000,1.070000,"Radial Velocity",2004
"HD 2039 b",1120.00000000000,2.2000000000,1.230000,"Radial Velocity",2002
"HD 204313 b",2041.11539000000,3.1850000000,1.030000,"Radial Velocity",2010
"HD 204313 c",34.95875000000,0.2110000000,1.030000,"Radial Velocity",2015
"HD 204941 b",1733.00000000000,2.5500000000,0.580000,"Radial Velocity",2011
"HD 205739 b",279.80000000000,0.8960000000,1.220000,"Radial Velocity",2008
"HD 206610 b",673.20000000000,1.7400000000,1.550000,"Radial Velocity",2009
"HD 20781 b",5.31350000000,0.0529000000,0.700000,"Radial Velocity",2019
"HD 20781 c",13.89050000000,0.1004000000,0.700000,"Radial Velocity",2019
"HD 20782 b",597.06430000000,1.3649000000,1.040000,"Radial Velocity",2006
"HD 20794 b",18.31400000000,0.1257000000,0.790000,"Radial Velocity",2011
"HD 20794 d",89.68000000000,0.3625000000,0.790000,"Radial Velocity",2011
"HD 208487 b",129.36000000000,0.5300000000,1.150000,"Radial Velocity",2004
"HD 20868 b",380.85001000000,0.9500000000,0.390000,"Radial Velocity",2008
"HD 210277 b",442.19000000000,1.1300000000,1.010000,"Radial Velocity",1998
"HD 210702 b",355.50000000000,1.0790000000,1.330000,"Radial Velocity",2007
"HD 212301 b",2.24571000000,0.0300000000,1.550000,"Radial Velocity",2005
"HD 212771 b",380.70000000000,1.1900000000,1.560000,"Radial Velocity",2009
"HD 213240 b",882.70001000000,1.8900000000,1.570000,"Radial Velocity",2001
"HD 215152 b",5.75999000000,0.0576380000,0.770000,"Radial Velocity",2018
"HD 215152 c",7.28243000000,0.0673930000,0.770000,"Radial Velocity",2018
"HD 215497 b",3.93404000000,0.0500000000,0.670000,"Radial Velocity",2009
"HD 215497 c",566.00000000000,1.3100000000,0.920000,"Radial Velocity",2009
"HD 216435 b",1311.00000000000,2.5600000000,1.300000,"Radial Velocity",2002
"HD 216437 b",1359.00000000000,2.5700000000,1.220000,"Radial Velocity",2002
"HD 216770 b",118.45000000000,0.4600000000,0.740000,"Radial Velocity",2003
"HD 21693 b",22.67860000000,0.1455000000,0.800000,"Radial Velocity",2019
"HD 21693 c",53.73570000000,0.2586000000,0.800000,"Radial Velocity",2019
"HD 217107 b",7.12701660000,0.0735900000,1.045000,"Radial Velocity",1998
"HD 217107 c",5138.70000000000,5.9220000000,1.045000,"Radial Velocity",2005
"HD 217786 b",1301.36009000000,2.4460000000,1.140000,"Radial Velocity",2011
"HD 218566 b",225.70000000000,0.6900000000,0.760000,"Radial Velocity",2010
"91 Aqr b",181.40000000000,0.7000000000,1.400000,"Radial Velocity",2013
"HD 219828 b",3.83483000000,0.0490000000,1.040000,"Radial Velocity",2007
"HD 220773 b",3724.70000000000,4.9400000000,1.160000,"Radial Velocity",2011
"HD 221287 b",456.10000000000,1.2500000000,1.250000,"Radial Velocity",2007
"HD 222582 b",572.38000000000,1.3400000000,1.120000,"Radial Velocity",1999
"HD 224693 b",26.69040000000,0.1910000000,1.310000,"Radial Velocity",2006
"HD 22781 b",528.07000000000,1.1670000000,0.750000,"Radial Velocity",2011
"HD 23127 b",1211.17000000000,2.3700000000,1.208000,"Radial Velocity",2006
"HD 231701 b",141.63000000000,0.5670000000,1.210000,"Radial Velocity",2007
"HD 23596 b",1535.11912000000,2.6940000000,1.100000,"Radial Velocity",2003
"HD 240210 b",501.75000000000,1.1600000000,0.820000,"Radial Velocity",2009
"HD 240237 b",745.70001000000,1.9200000000,8.760000,"Radial Velocity",2011
"HD 25171 b",1802.29000000000,2.9710000000,1.076000,"Radial Velocity",2010
"HD 2638 b",3.44420000000,0.0400000000,0.770000,"Radial Velocity",2005
"HD 27442 b",428.10000000000,1.2710000000,1.230000,"Radial Velocity",2000
"HD 27894 b",18.01939000000,0.1250000000,0.810000,"Radial Velocity",2005
"HD 28185 b",385.92000000000,1.0340000000,0.974000,"Radial Velocity",2001
"HD 28254 b",1333.00000000000,2.4500000000,1.100000,"Radial Velocity",2010
"HD 285968 b",8.78360000000,0.0660000000,0.500000,"Radial Velocity",2008
"HD 28678 b",380.20000000000,1.1800000000,1.530000,"Radial Velocity",2011
"HD 290327 b",2443.00000000000,3.4300000000,0.840000,"Radial Velocity",2009
"HD 30177 b",2539.00000000000,3.4900000000,0.980000,"Radial Velocity",2002
"HD 30562 b",1157.00000000000,2.3400000000,1.120000,"Radial Velocity",2009
"HD 30856 b",847.00000000000,1.8500000000,1.170000,"Radial Velocity",2011
"HD 31253 b",466.00000000000,1.2600000000,1.700000,"Radial Velocity",2010
"HD 31527 b",16.55350000000,0.1254000000,0.960000,"Radial Velocity",2019
"HD 31527 c",51.20530000000,0.2663000000,0.960000,"Radial Velocity",2019
"HD 31527 d",271.67370000000,0.8098000000,0.960000,"Radial Velocity",2019
"HD 32518 b",157.35000000000,0.5940000000,1.130000,"Radial Velocity",2009
"HD 330075 b",3.38773000000,0.0400000000,0.470000,"Radial Velocity",2004
"HD 33142 b",330.00000000000,1.0740000000,1.520000,"Radial Velocity",2011
"HD 33283 b",18.19910000000,0.1508000000,1.380000,"Radial Velocity",2006
"HD 33564 b",388.00000000000,1.1000000000,1.250000,"Radial Velocity",2005
"HD 34445 b",1049.00000000000,2.0700000000,1.140000,"Radial Velocity",2009
"HD 3651 b",62.25000000000,0.2950000000,0.799000,"Radial Velocity",2003
"HD 37124 b",154.37800000000,0.5336400000,0.850000,"Radial Velocity",2002
"HD 37124 c",885.50000000000,1.7100000000,0.850000,"Radial Velocity",2002
"HD 37124 d",1862.00000000000,2.8070000000,0.850000,"Radial Velocity",2005
"HD 37605 b",55.01292000000,0.2770000000,0.940000,"Radial Velocity",2004
"HD 38529 b",14.30990000000,0.1150000000,0.980000,"Radial Velocity",2000
"HD 38529 c",2127.60566000000,3.2260000000,0.980000,"Radial Velocity",2000
"HD 38801 b",685.25000000000,1.6230000000,1.207000,"Radial Velocity",2009
"HD 39091 b",2088.80000000000,3.2800000000,1.070000,"Radial Velocity",2001
"HD 40307 b",4.31230000000,0.0468000000,0.770000,"Radial Velocity",2009
"HD 40307 c",9.61840000000,0.0799000000,0.770000,"Radial Velocity",2009
"HD 40307 d",20.43200000000,0.1321000000,0.770000,"Radial Velocity",2009
"HD 40979 b",264.14999000000,0.8500000000,1.450000,"Radial Velocity",2002
"HD 4113 b",526.52390000000,1.2800000000,1.008000,"Radial Velocity",2007
"HD 4203 b",431.88000000000,1.1700000000,1.250000,"Radial Velocity",2001
"HD 4208 b",832.97000000000,1.6620000000,0.883000,"Radial Velocity",2001
"Kepler-272 c",6.05734200000,0.0610000000,,"Transit",2014
"HD 4308 b",15.56000000000,0.1200000000,0.930000,"Radial Velocity",2005
"HD 4313 b",356.21000000000,1.1570000000,1.630000,"Radial Velocity",2009
"HD 43197 b",308.92072000000,0.8820000000,0.960000,"Radial Velocity",2010
"HD 43691 b",36.99870000000,0.2380000000,1.320000,"Radial Velocity",2007
"HD 44219 b",472.00000000000,1.2600000000,1.200000,"Radial Velocity",2010
"HD 45184 b",5.88540000000,0.0644000000,1.030000,"Radial Velocity",2019
"HD 45350 b",963.60000000000,1.9200000000,0.980000,"Radial Velocity",2004
"HD 45364 b",225.79000000000,0.6793000000,0.820000,"Radial Velocity",2008
"HD 45364 c",345.43000000000,0.9020000000,0.820000,"Radial Velocity",2008
"HD 45652 b",44.07300000000,0.2370000000,0.920000,"Radial Velocity",2008
"HD 46375 b",3.02357300000,0.0398000000,0.920000,"Radial Velocity",2000
"HD 47186 b",4.08450000000,0.0500000000,0.960000,"Radial Velocity",2008
"HD 47186 c",1353.60000000000,2.3950000000,,"Radial Velocity",2008
"HD 47536 b",712.13000000000,1.9300000000,2.100000,"Radial Velocity",2002
"HD 48265 b",778.51000000000,1.8140000000,1.312000,"Radial Velocity",2008
"HD 49674 b",4.94737000000,0.0600000000,1.030000,"Radial Velocity",2002
"HD 50499 b",2447.10000000000,3.8330000000,1.253000,"Radial Velocity",2005
"HD 50554 b",1293.00000000000,2.3530000000,1.040000,"Radial Velocity",2002
"HD 51608 b",14.07260000000,0.1059000000,0.800000,"Radial Velocity",2019
"HD 51608 c",95.94460000000,0.3809000000,0.800000,"Radial Velocity",2019
"Kepler-273 b",2.93653200000,0.0370000000,,"Transit",2014
"HD 52265 b",119.27000000000,0.5200000000,1.204000,"Radial Velocity",2000
"HD 5319 b",637.10000000000,1.5700000000,1.270000,"Radial Velocity",2007
"HD 5891 b",177.11000000000,0.6400000000,1.930000,"Radial Velocity",2011
"HD 59686 A b",299.36000000000,1.0860000000,1.900000,"Radial Velocity",2016
"HD 60532 b",201.90000000000,0.7700000000,1.500000,"Radial Velocity",2008
"HD 60532 c",600.10000000000,1.6000000000,1.500000,"Radial Velocity",2008
"HD 62509 b",589.64000000000,1.6400000000,,"Radial Velocity",2006
"HD 63454 b",2.81805000000,0.0400000000,0.420000,"Radial Velocity",2005
"HD 63765 b",358.00000000000,0.9400000000,0.650000,"Radial Velocity",2011
"HD 6434 b",21.99800000000,0.1400000000,1.100000,"Radial Velocity",2003
"HD 65216 b",577.60000000000,1.3010000000,0.874000,"Radial Velocity",2003
"HD 66428 b",2269.81726000000,3.3950000000,1.010000,"Radial Velocity",2005
"HD 6718 b",2476.00000000000,3.5300000000,0.960000,"Radial Velocity",2009
"HD 68988 b",6.27711000000,0.0700000000,1.280000,"Radial Velocity",2001
"HD 69830 b",8.66700000000,0.0785000000,0.860000,"Radial Velocity",2006
"HD 69830 c",31.56000000000,0.1860000000,0.860000,"Radial Velocity",2006
"HD 69830 d",197.00000000000,0.6300000000,0.860000,"Radial Velocity",2006
"HD 70573 b",851.80000000000,1.7600000000,1.000000,"Radial Velocity",2007
"HD 70642 b",2124.54000000000,3.3180000000,1.078000,"Radial Velocity",2003
"HD 7199 b",615.00000000000,1.3600000000,0.770000,"Radial Velocity",2011
"HD 72659 b",3549.00000000000,4.6070000000,1.033000,"Radial Velocity",2002
"HD 73267 b",1257.99159000000,2.2290000000,0.930000,"Radial Velocity",2008
"HD 73526 b",188.30000000000,0.6500000000,1.140000,"Radial Velocity",2002
"HD 73526 c",379.10000000000,1.0300000000,1.014000,"Radial Velocity",2005
"HD 73534 b",1750.00000000000,2.9900000000,1.160000,"Radial Velocity",2008
"HD 74156 b",51.63564000000,0.2800000000,1.100000,"Radial Velocity",2003
"HD 74156 c",2448.48726000000,3.6780000000,1.100000,"Radial Velocity",2003
"HD 7449 b",1270.55195000000,2.4380000000,1.196000,"Radial Velocity",2011
"HD 75289 b",3.50927000000,0.0500000000,1.290000,"Radial Velocity",1999
"HD 75898 b",422.82000000000,1.2025000000,1.295000,"Radial Velocity",2007
"HD 76700 b",3.97097000000,0.0500000000,0.990000,"Radial Velocity",2002
"HD 7924 b",5.39792000000,0.0600000000,0.650000,"Radial Velocity",2008
"HD 79498 b",1807.00000000000,2.9800000000,1.080000,"Radial Velocity",2011
"HD 80606 b",111.43676500000,0.4603000000,1.050000,"Radial Velocity",2001
"HD 81040 b",1002.70000000000,1.9460000000,0.990000,"Radial Velocity",2005
"HD 81688 b",183.93000000000,0.6480000000,1.070000,"Radial Velocity",2007
"HD 82886 b",705.00000000000,1.5800000000,2.530000,"Radial Velocity",2011
"HD 82943 b",441.47000000000,1.1830600000,1.080000,"Radial Velocity",2003
"HD 82943 c",220.07800000000,0.7434500000,1.080000,"Radial Velocity",2003
"HD 83443 b",2.98562800000,0.0406000000,1.000000,"Radial Velocity",2002
"HD 8535 b",1313.00000000000,2.4500000000,1.130000,"Radial Velocity",2010
"HD 85390 b",799.52000000000,1.3730000000,0.758000,"Radial Velocity",2011
"HD 8574 b",227.00000000000,0.7600000000,1.340000,"Radial Velocity",2002
"HD 86081 b",2.13784310000,0.0346000000,1.210000,"Radial Velocity",2006
"HD 86226 b",1628.00000000000,2.7300000000,1.019000,"Radial Velocity",2009
"HD 86264 b",1488.79123000000,2.7630000000,1.260000,"Radial Velocity",2009
"HD 8673 b",1644.69097000000,2.9700000000,1.280000,"Radial Velocity",2009
"HD 87883 b",3006.00000000000,3.7700000000,0.800000,"Radial Velocity",2009
"HD 88133 b",3.41488400000,0.0479000000,1.260000,"Radial Velocity",2004
"HD 89307 b",2166.00000000000,3.2700000000,1.270000,"Radial Velocity",2009
"HD 89744 b",256.78000000000,0.9170000000,1.860000,"Radial Velocity",1999
"HD 90156 b",49.77000000000,0.2500000000,0.840000,"Radial Velocity",2011
"HD 92788 b",325.80300000000,0.9700000000,1.150000,"Radial Velocity",2000
"HD 93083 b",144.72000000000,0.5080000000,0.836000,"Radial Velocity",2005
"HD 9446 b",30.05200000000,0.1890000000,1.000000,"Radial Velocity",2009
"HD 9446 c",192.90000000000,0.6540000000,1.000000,"Radial Velocity",2009
"HD 95089 b",464.40000000000,1.3600000000,1.540000,"Radial Velocity",2009
"HD 96063 b",362.50000000000,1.1100000000,1.370000,"Radial Velocity",2011
"HD 96127 b",638.90000000000,1.4100000000,0.910000,"Radial Velocity",2011
"HD 96167 b",498.04000000000,1.3320000000,1.270000,"Radial Velocity",2009
"HD 98219 b",433.80000000000,1.2600000000,1.410000,"Radial Velocity",2011
"HD 99109 b",439.29999000000,1.1100000000,0.760000,"Radial Velocity",2005
"HD 99706 b",841.00000000000,1.9800000000,1.460000,"Radial Velocity",2011
"HIP 12961 b",57.43500000000,0.2500000000,0.690000,"Radial Velocity",2010
"HIP 14810 b",6.67389200000,0.0696000000,1.010000,"Radial Velocity",2005
"HIP 14810 c",147.74700000000,0.5490000000,1.010000,"Radial Velocity",2006
"HIP 14810 d",981.80000000000,1.9400000000,1.010000,"Radial Velocity",2009
"HIP 5158 b",345.72000000000,0.8900000000,0.780000,"Radial Velocity",2009
"GJ 1148 b",41.38000000000,0.1660000000,0.344045,"Radial Velocity",2010
"HIP 57274 b",8.13520000000,0.0700000000,0.290000,"Radial Velocity",2011
"HIP 57274 c",32.03000000000,0.1780000000,0.730000,"Radial Velocity",2011
"HIP 57274 d",431.70000000000,1.0100000000,0.730000,"Radial Velocity",2011
"HIP 70849 b",3649.00000000000,3.9900000000,0.650000,"Radial Velocity",2011
"iot Dra b",510.85440000000,1.4530000000,1.540000,"Radial Velocity",2002
"HIP 79431 b",111.70000000000,0.3600000000,0.490000,"Radial Velocity",2009
"HR 810 b",302.79999000000,0.9200000000,1.340000,"Radial Velocity",1999
"HR 8799 b",170000.00000000000,68.0000000000,1.500000,"Imaging",2008
"HR 8799 c",69000.00000000000,38.0000000000,1.500000,"Imaging",2008
"HR 8799 d",37000.00000000000,24.0000000000,1.500000,"Imaging",2008
"kap CrB b",1253.68000000000,2.5000000000,1.330000,"Radial Velocity",2007
"xi Aql b",136.97000000000,0.6250000000,1.740000,"Radial Velocity",2007
"Lupus-TR-3 b",3.91405000000,0.0464000000,0.870000,"Transit",2007
"MOA-2009-BLG-266L b",2800.00000000000,3.2000000000,0.560000,"Microlensing",2011
"MOA-2009-BLG-387L b",1980.00000000000,1.8000000000,0.190000,"Microlensing",2010
"BD-13 2130 b",714.29999000000,1.6600000000,2.120000,"Radial Velocity",2007
"OGLE-2005-BLG-390L b",3285.00000000000,2.6000000000,0.220000,"Microlensing",2005
"OGLE-2006-BLG-109L b",1788.50000000000,2.3000000000,0.510000,"Microlensing",2008
"OGLE-2006-BLG-109L c",4927.50000000000,4.5000000000,0.510000,"Microlensing",2008
"OGLE2-TR-L9 b",2.48553350000,0.0308000000,1.520000,"Transit",2008
"OGLE-TR-10 b",3.10127800000,0.0434000000,1.140000,"Transit",2004
"OGLE-TR-111 b",4.01444630000,0.0473000000,,"Transit",2004
"OGLE-TR-113 b",1.43247520000,0.0228900000,0.779000,"Transit",2004
"OGLE-TR-132 b",1.68986800000,0.0303500000,1.305000,"Transit",2004
"OGLE-TR-182 b",3.97910000000,0.0510000000,1.140000,"Transit",2007
"OGLE-TR-211 b",3.67724000000,0.0510000000,1.330000,"Transit",2007
"OGLE-TR-56 b",1.21191890000,0.0238300000,1.228000,"Transit",2002
"PSR B1257+12 b",25.26200000000,0.1900000000,1.400000,"Pulsar Timing",1994
"PSR B1257+12 c",66.54190000000,0.3600000000,1.400000,"Pulsar Timing",1992
"PSR B1257+12 d",98.21140000000,0.4600000000,1.400000,"Pulsar Timing",1992
"Qatar-1 b",1.42002420000,0.0233200000,0.838000,"Transit",2010
"Qatar-2 b",1.33711647000,0.0215300000,0.743000,"Transit",2011
"SWEEPS-4 b",4.20000000000,0.0550000000,1.240000,"Transit",2006
"SWEEPS-11 b",1.79600000000,0.0300000000,1.100000,"Transit",2006
"tau Boo b",3.31245680000,0.0490000000,1.320000,"Radial Velocity",1996
"TrES-3 b",1.30618581000,0.0228200000,0.928000,"Transit",2007
"TrES-5 b",1.48224686000,0.0245900000,0.901000,"Transit",2011
"ups And b",4.61703300000,0.0592216600,1.300000,"Radial Velocity",1996
"ups And c",241.25800000000,0.8277740000,1.300000,"Radial Velocity",1999
"ups And d",1276.46000000000,2.5132900000,1.300000,"Radial Velocity",1999
"V0391 Peg b",1170.00000000000,1.7000000000,0.500000,"Pulsation Timing Variations",2007
"WASP-10 b",3.09276160000,0.0378100000,0.750000,"Transit",2008
"WASP-12 b",1.09141890100,0.0234000000,1.325000,"Transit",2008
"WASP-18 b",0.94145223000,0.0202400000,1.294000,"Transit",2009
"WASP-19 b",0.78883852000,0.0165200000,0.965000,"Transit",2009
"WASP-1 b",2.51994540000,0.0388900000,1.240000,"Transit",2007
"WASP-21 b",4.32248200000,0.0520000000,,"Transit",2010
"WASP-28 b",3.40883495000,0.0442000000,0.993000,"Transit",2014
"WASP-2 b",2.15217500000,0.0314400000,0.895000,"Transit",2007
"WASP-31 b",3.40590960000,0.0465900000,1.163000,"Transit",2010
"WASP-33 b",1.21987000000,0.0239000000,1.495000,"Transit",2010
"WASP-36 b",1.53736596000,0.0267700000,1.081000,"Transit",2011
"WASP-37 b",3.57746900000,0.0446000000,0.925000,"Transit",2010
"WASP-39 b",4.05529410000,0.0482800000,0.913000,"Transit",2011
"WASP-43 b",0.81347500000,0.0142000000,0.580000,"Transit",2011
"WASP-44 b",2.42380400000,0.0345300000,0.935000,"Transit",2011
"WASP-45 b",3.12608900000,0.0396300000,0.850000,"Transit",2011
"WASP-46 b",1.43036763000,0.0233500000,0.828000,"Transit",2011
"WASP-4 b",1.33823099400,0.0226100000,0.899000,"Transit",2007
"WASP-50 b",1.95510000000,0.0293000000,0.892000,"Transit",2011
"WASP-5 b",1.62842790000,0.0267000000,0.960000,"Transit",2008
"WASP-7 b",4.95464160000,0.0617000000,1.276000,"Transit",2008
"XO-2 N b",2.61585906000,0.0366600000,0.960000,"Transit",2007
"XO-3 b",3.19152309000,0.0481500000,1.449000,"Transit",2007
"XO-5 b",4.18775580000,0.0515000000,1.040000,"Transit",2008
"11 Com b",323.21000000000,1.1780000000,2.090000,"Radial Velocity",2007
"alf Ari b",380.80000000000,1.2000000000,1.500000,"Radial Velocity",2010
"CoRoT-16 b",5.35227000000,0.0618000000,1.098000,"Transit",2011
"HD 106515 A b",3626.00000000000,4.4800000000,0.890000,"Radial Velocity",2012
"HD 166724 b",5144.00000000000,5.4200000000,0.810000,"Radial Velocity",2012
"HD 180314 b",394.73000000000,1.4480000000,2.600000,"Radial Velocity",2010
"HD 196067 b",3413.70000000000,4.7100000000,1.160000,"Radial Velocity",2012
"HD 220689 b",2266.40000000000,3.3960000000,1.016000,"Radial Velocity",2012
"HD 27631 b",2198.14000000000,3.2420000000,0.944000,"Radial Velocity",2012
"HD 38283 b",363.20001000000,1.0200000000,1.370000,"Radial Velocity",2010
"HD 65216 c",5370.00000000000,5.7500000000,0.874000,"Radial Velocity",2013
"HD 98649 b",5384.00000000000,5.9700000000,0.970000,"Radial Velocity",2012
"HIP 5158 c",9017.76000000000,7.7000000000,0.780000,"Radial Velocity",2011
"HU Aqr AB b",2390.00000000000,3.6000000000,0.880000,"Eclipse Timing Variations",2011
"HU Aqr AB c",4368.00000000000,5.4000000000,0.880000,"Eclipse Timing Variations",2011
"nu Oph b",529.93000000000,1.7650000000,2.610000,"Radial Velocity",2012
"nu Oph c",3180.60000000000,5.8290000000,2.610000,"Radial Velocity",2012
"Oph 11 b",7300000.00000000000,243.0000000000,0.016000,"Imaging",2006
"tau Gem b",305.50000000000,1.1700000000,2.300000,"Radial Velocity",2013
"WASP-23 b",2.94442560000,0.0376000000,0.780000,"Transit",2010
"KOI-55 b",0.24010400000,0.0060000000,0.496000,"Orbital Brightness Modulation",2011
"KOI-55 c",0.34288700000,0.0076000000,0.496000,"Orbital Brightness Modulation",2011
"HD 142 c",10159.64279000000,9.8110000000,1.210000,"Radial Velocity",2012
"HATS-1 b",3.44645900000,0.0444000000,0.986000,"Transit",2012
"WASP-79 b",3.66239200000,0.0519000000,1.390000,"Transit",2012
"KELT-1 b",1.21751400000,0.0246600000,1.335000,"Transit",2012
"GJ 3470 b",3.33664960000,0.0355000000,0.539000,"Radial Velocity",2012
"BD+20 274 b",578.20000000000,1.3000000000,0.800000,"Radial Velocity",2012
"HD 219415 b",2093.30000000000,3.2000000000,1.000000,"Radial Velocity",2012
"Pr0201 b",4.42640000000,0.0600000000,1.240000,"Radial Velocity",2012
"Pr0211 b",2.14610000000,0.0317600000,0.935000,"Radial Velocity",2012
"HD 77338 b",5.73610000000,0.0600000000,1.370000,"Radial Velocity",2012
"HD 207832 b",160.07000000000,0.5860000000,1.050000,"Radial Velocity",2012
"HD 207832 c",1155.70000000000,2.1120000000,0.940000,"Radial Velocity",2012
"HAT-P-39 b",3.54387000000,0.0509000000,1.404000,"Transit",2012
"HD 5608 b",768.70000000000,1.7900000000,1.290000,"Radial Velocity",2012
"75 Cet b",696.62000000000,1.9120000000,1.920000,"Radial Velocity",2012
"omi UMa b",1569.81000000000,3.6910000000,2.720000,"Radial Velocity",2012
"omi CrB b",187.01000000000,0.6990000000,1.300000,"Radial Velocity",2012
"WASP-42 b",4.98168190000,0.0561000000,0.951000,"Transit",2012
"HAT-P-38 b",4.64038200000,0.0523000000,0.886000,"Transit",2012
"Kepler-46 c",57.01100000000,0.2799000000,0.902000,"Transit Timing Variations",2012
"Kepler-47 b",49.46430000000,0.2877000000,0.957000,"Transit",2012
"Kepler-47 c",303.22700000000,0.9638000000,0.957000,"Transit",2012
"eps CrB b",417.90000000000,1.3000000000,1.700000,"Radial Velocity",2012
"WTS-1 b",3.35205700000,0.0470000000,1.200000,"Transit",2012
"WASP-57 b",2.83891856000,0.0376900000,0.886000,"Transit",2012
"HD 4732 b",371.74000000000,1.1290000000,1.390000,"Radial Velocity",2012
"HD 4732 c",3184.20000000000,4.7250000000,1.390000,"Radial Velocity",2012
"HD 37605 c",2720.00000000000,3.7400000000,0.940000,"Radial Velocity",2012
"HD 40307 f",51.76000000000,0.2470000000,0.770000,"Radial Velocity",2013
"HD 40307 g",197.80000000000,0.6000000000,0.770000,"Radial Velocity",2013
"HD 66141 b",480.50000000000,1.2000000000,1.100000,"Radial Velocity",2012
"HD 208527 b",875.50000000000,2.1000000000,1.600000,"Radial Velocity",2012
"HD 220074 b",672.09998000000,1.6000000000,2.200000,"Radial Velocity",2012
"WASP-52 b",1.74977980000,0.0272000000,0.870000,"Transit",2012
"WASP-59 b",7.91958500000,0.0697000000,0.719000,"Transit",2012
"WASP-77 A b",1.36002939500,0.0232336330,0.903000,"Transit",2012
"GJ 676 A d",3.60076000000,0.0390000000,0.626000,"Radial Velocity",2012
"GJ 676 A e",35.47358000000,0.1810000000,0.626000,"Radial Velocity",2012
"BD-06 1339 b",3.87280000000,0.0428000000,0.700000,"Radial Velocity",2013
"BD-06 1339 c",125.94000000000,0.4350000000,0.700000,"Radial Velocity",2013
"HD 103774 b",5.88810000000,0.0700000000,1.335000,"Radial Velocity",2013
"HD 109271 b",7.85430000000,0.0790000000,1.047000,"Radial Velocity",2013
"HD 109271 c",30.93000000000,0.1960000000,1.047000,"Radial Velocity",2013
"HD 219077 b",5478.68861000000,5.9350000000,0.920000,"Radial Velocity",2012
"Kepler-68 d",632.62000000000,1.4690000000,1.057000,"Radial Velocity",2013
"WASP-64 b",1.57329180000,0.0264800000,1.004000,"Transit",2012
"WASP-80 b",3.06785234000,0.0344000000,0.577000,"Transit",2012
"HD 159868 c",351.00000000000,1.0320000000,1.190000,"Radial Velocity",2012
"PH1 b",138.31700000000,0.6520000000,1.528000,"Transit",2012
"HD 222155 b",3999.00000000000,5.1400000000,1.210000,"Radial Velocity",2011
"HD 24040 b",3668.00000000000,4.9200000000,1.110000,"Radial Velocity",2006
"ome Ser b",278.59000000000,0.8380000000,1.010000,"Radial Velocity",2013
"HD 2952 b",312.08000000000,1.1170000000,1.910000,"Radial Velocity",2013
"HD 120084 b",2142.00000000000,4.2100000000,2.160000,"Radial Velocity",2013
"BD+15 2940 b",137.48000000000,0.5390000000,1.100000,"Radial Velocity",2013
"HD 233604 b",192.00000000000,0.7470000000,1.500000,"Radial Velocity",2013
"Kepler-116 b",5.96873400000,0.0690000000,,"Transit",2014
"GJ 163 b",8.63182000000,0.0607000000,,"Radial Velocity",2013
"GJ 163 c",25.63058000000,0.1254000000,,"Radial Velocity",2013
"GJ 163 d",603.95116000000,1.0304000000,,"Radial Velocity",2013
"DENIS-P J082303.1-491201 b",246.36000000000,0.3600000000,0.075000,"Astrometry",2013
"HIP 63242 b",124.60000000000,0.5650000000,1.540000,"Radial Velocity",2013
"GJ 667 C e",62.24000000000,0.2130000000,0.330000,"Radial Velocity",2013
"GJ 667 C f",39.02600000000,0.1560000000,0.330000,"Radial Velocity",2013
"GJ 667 C g",256.20000000000,0.5490000000,0.330000,"Radial Velocity",2013
"Kepler-78 b",0.35500745000,0.0090100000,0.779000,"Transit",2013
"GJ 328 b",3771.00000000000,4.1100000000,0.650000,"Radial Velocity",2013
"CFBDSIR J145829+101343 b",10037.50000000000,2.6000000000,0.021000,"Imaging",2011
"POTS-1 b",3.16062960000,0.0373400000,0.695000,"Transit",2013
"HATS-2 b",1.35413379000,0.0231700000,0.904000,"Transit",2013
"HATS-3 b",3.54785100000,0.0485000000,1.209000,"Transit",2013
"PSR J1719-1438 b",0.09070629300,0.0044000000,1.400000,"Pulsar Timing",2011
"RR Cae b",4343.50000000000,5.3000000000,0.440000,"Eclipse Timing Variations",2012
"WASP-65 b",2.31142430000,0.0334000000,0.930000,"Transit",2013
"WASP-75 b",2.48419300000,0.0375000000,1.140000,"Transit",2013
"HD 113337 b",317.58639000000,1.0220000000,1.410000,"Radial Velocity",2013
"HAT-P-42 b",4.64187800000,0.0575000000,1.178000,"Transit",2012
"HAT-P-43 b",3.33264140000,0.0444000000,1.030000,"Transit",2012
"HD 13908 b",19.38200000000,0.1540000000,1.290000,"Radial Velocity",2013
"HD 13908 c",931.00000000000,2.0300000000,1.290000,"Radial Velocity",2013
"HD 159243 b",12.62000000000,0.1100000000,1.125000,"Radial Velocity",2013
"HD 159243 c",248.40000000000,0.8000000000,1.125000,"Radial Velocity",2013
"HIP 91258 b",5.05050000000,0.0600000000,0.970000,"Radial Velocity",2013
"CoRoT-27 b",3.57532000000,0.0476000000,1.050000,"Transit",2014
"WASP-103 b",0.92554200000,0.0198500000,1.220000,"Transit",2014
"HD 154857 c",3452.00000000000,5.3600000000,1.718000,"Radial Velocity",2014
"UZ For b",5840.00000000000,5.9000000000,0.700000,"Eclipse Timing Variations",2011
"UZ For c",1916.25000000000,2.8000000000,0.700000,"Eclipse Timing Variations",2011
"Kepler-413 b",66.26200000000,0.3553000000,0.820000,"Transit",2014
"WTS-2 b",1.01870680000,0.0185500000,0.820000,"Transit",2014
"HD 4203 c",6700.00000000000,6.9500000000,0.990000,"Radial Velocity",2014
"WASP-8 c",4323.00000000000,5.2800000000,1.040000,"Radial Velocity",2013
"WASP-96 b",3.42526020000,0.0453000000,1.060000,"Transit",2014
"WASP-98 b",2.96264036000,0.0376200000,0.809000,"Transit",2014
"CoRoT-25 b",4.86069000000,0.0578000000,1.090000,"Transit",2013
"CoRoT-26 b",4.20474000000,0.0526000000,1.090000,"Transit",2013
"HAT-P-44 b",4.30121900000,0.0507000000,0.942000,"Transit",2014
"HAT-P-45 b",3.12899200000,0.0452000000,1.259000,"Transit",2014
"HAT-P-46 b",4.46312900000,0.0577000000,1.284000,"Transit",2014
"HAT-P-44 c",872.20000000000,1.7520000000,0.942000,"Radial Velocity",2014
"HD 285507 b",6.08810000000,0.0600000000,0.820000,"Radial Velocity",2013
"HATS-5 b",4.76338700000,0.0542000000,0.936000,"Transit",2014
"bet Cnc b",605.20000000000,1.7000000000,1.700000,"Radial Velocity",2014
"mu Leo b",357.80000000000,1.1000000000,1.500000,"Radial Velocity",2014
"bet UMi b",522.30000000000,1.4000000000,1.400000,"Radial Velocity",2014
"GJ 687 b",38.14200000000,0.1630000000,0.400000,"Radial Velocity",2014
"Kapteyn c",121.54000000000,0.3110000000,0.281000,"Radial Velocity",2014
"HIP 105854 b",184.20000000000,0.8100000000,2.100000,"Radial Velocity",2014
"CoRoT-24 b",5.11340000000,0.0560000000,0.910000,"Transit",2014
"CoRoT-24 c",11.75900000000,0.0980000000,0.910000,"Transit",2014
"Kepler-419 c",675.47000000000,1.6800000000,1.390000,"Transit Timing Variations",2014
"HATS-4 b",2.51672900000,0.0362000000,1.001000,"Transit",2014
"XO-2 S b",18.22000000000,0.1347000000,0.980000,"Radial Velocity",2014
"XO-2 S c",120.05900000000,0.4737000000,0.980000,"Radial Velocity",2014
"HD 150706 b",5894.00000000000,6.7000000000,1.170000,"Radial Velocity",2012
"CoRoT-22 b",9.75598000000,0.0920000000,1.099000,"Transit",2014
"Kepler-412 b",1.72086040000,0.0289700000,1.167000,"Transit",2014
"GJ 15 A b",11.44070000000,0.0720000000,0.380000,"Radial Velocity",2014
"WASP-104 b",1.75541370000,0.0291800000,1.076000,"Transit",2014
"WASP-106 b",9.28969000000,0.0901000000,1.175000,"Transit",2014
"HD 14067 b",2744.00000000000,5.1500000000,2.400000,"Radial Velocity",2014
"HIP 67851 b",89.23000000000,0.4200000000,1.280000,"Radial Velocity",2015
"HIP 67851 c",3128.41000000000,4.5500000000,1.280000,"Radial Velocity",2015
"HIP 97233 b",1062.26506000000,2.4910000000,1.810000,"Radial Velocity",2014
"WASP-94 B b",2.00839000000,0.0335000000,1.240000,"Radial Velocity",2014
"Kepler-424 c",223.30000000000,0.7300000000,1.010000,"Radial Velocity",2014
"WASP-69 b",3.86813881000,0.0453000000,0.830000,"Transit",2014
"WASP-70 A b",3.71302030000,0.0485300000,1.106000,"Transit",2014
"WASP-84 b",8.52349648000,0.0778000000,0.853000,"Transit",2014
"TYC 1422-614-1 b",198.40000000000,0.6900000000,1.150000,"Radial Velocity",2014
"TYC 1422-614-1 c",559.30000000000,1.3700000000,1.150000,"Radial Velocity",2014
"HD 5319 c",872.20000000000,1.9300000000,1.270000,"Radial Velocity",2014
"HD 10442 b",1032.30000000000,2.0100000000,1.010000,"Radial Velocity",2014
"HD 75784 b",341.20000000000,1.0320000000,1.260000,"Radial Velocity",2014
"GJ 3293 b",30.59870000000,0.1433900000,0.420000,"Radial Velocity",2015
"GJ 3293 c",122.61960000000,0.3617500000,0.420000,"Radial Velocity",2015
"GJ 3341 b",14.20700000000,0.0890000000,0.470000,"Radial Velocity",2015
"HIP 116454 b",9.10041570000,0.0792000000,0.800000,"Transit",2014
"HD 564 b",492.30000000000,1.2000000000,0.961000,"Radial Velocity",2014
"HD 30669 b",1684.00000000000,2.6900000000,0.920000,"Radial Velocity",2014
"HD 108341 b",1129.00000000000,2.0000000000,0.843000,"Radial Velocity",2014
"HD 103720 b",4.55570000000,0.0498000000,0.794000,"Radial Velocity",2014
"BD-11 4672 b",1634.00000000000,2.3600000000,0.651000,"Radial Velocity",2014
"BD+49 828 b",2590.00000000000,4.2000000000,1.520000,"Radial Velocity",2015
"HD 145934 b",2751.53433000000,4.8900000000,2.058000,"Radial Velocity",2015
"HD 95127 b",482.00000000000,1.2800000000,3.700000,"Radial Velocity",2015
"HD 216536 b",148.60001000000,0.6100000000,0.810000,"Radial Velocity",2015
"K2-3 b",10.05465350000,0.0747000000,0.549000,"Transit",2015
"K2-3 c",24.64672900000,0.1357000000,0.549000,"Transit",2015
"K2-3 d",44.55603000000,0.2014000000,0.549000,"Transit",2015
"HD 1605 b",577.20000000000,1.4920000000,1.330000,"Radial Velocity",2015
"HD 1605 c",2149.00000000000,3.5840000000,1.330000,"Radial Velocity",2015
"HD 1666 b",270.00000000000,0.9400000000,1.500000,"Radial Velocity",2015
"HD 67087 b",352.20000000000,1.0800000000,1.360000,"Radial Velocity",2015
"Kepler-265 c",17.02893700000,0.1270000000,,"Transit",2014
"HD 67087 c",2374.00000000000,3.8600000000,1.360000,"Radial Velocity",2015
"CoRoT-28 b",5.20851000000,0.0603000000,1.010000,"Transit",2015
"CoRoT-29 b",2.85057000000,0.0386000000,0.970000,"Transit",2015
"HAT-P-54 b",3.79984700000,0.0411700000,0.645000,"Transit",2015
"HATS-6 b",3.32527250000,0.0362300000,0.574000,"Transit",2015
"HD 7924 c",15.29900000000,0.1134000000,0.832000,"Radial Velocity",2015
"HD 7924 d",24.45100000000,0.1551000000,0.832000,"Radial Velocity",2015
"VHS J125601.92-125723.9 b",5800000.00000000000,350.0000000000,,"Imaging",2015
"HATS-9 b",1.91529100000,0.0312000000,1.100000,"Transit",2015
"HATS-10 b",3.31284600000,0.0449100000,1.101000,"Transit",2015
"alf Tau b",628.96000000000,1.4600000000,1.130000,"Radial Velocity",2015
"HIP 65891 b",1089.60000000000,2.8200000000,2.500000,"Radial Velocity",2015
"HIP 107773 b",144.30000000000,0.7200000000,2.420000,"Radial Velocity",2015
"HAT-P-55 b",3.58523130000,0.0462800000,1.028000,"Transit",2015
"HATS-8 b",3.58389300000,0.0466700000,1.056000,"Transit",2015
"WASP-83 b",4.97125200000,0.0590000000,1.110000,"Transit",2015
"WASP-89 b",3.35642270000,0.0427000000,0.920000,"Transit",2015
"K2-4 b",10.00341700000,0.0780000000,0.635026,"Transit",2015
"K2-5 b",5.73594000000,0.0532000000,0.610000,"Transit",2015
"K2-5 c",10.93241000000,0.0818000000,0.610000,"Transit",2015
"K2-6 b",30.94191000000,0.1898000000,0.970000,"Transit",2015
"K2-7 b",28.67810000000,0.1867000000,1.056000,"Transit",2015
"K2-8 b",10.35239000000,0.0856000000,0.780000,"Transit",2015
"K2-9 b",18.44980000000,0.0910000000,0.300000,"Transit",2015
"K2-11 b",39.93767000000,0.2257000000,1.350000,"Transit",2015
"K2-12 b",8.28246000000,0.0792000000,0.965000,"Transit",2015
"K2-13 b",39.91488000000,0.2114000000,0.800000,"Transit",2015
"K2-14 b",8.36802000000,0.0627000000,0.470000,"Transit",2015
"K2-15 b",11.81040000000,0.0910000000,0.720000,"Transit",2015
"K2-16 b",7.61880000000,0.0667000000,0.680000,"Transit",2015
"K2-16 c",19.07863000000,0.1229000000,0.680000,"Transit",2015
"K2-17 b",17.96753000000,0.1190000000,0.710000,"Transit",2015
"K2-18 b",32.93962300000,0.1429000000,0.359000,"Transit",2015
"HD 219134 b",3.09292600000,0.0387600000,0.810000,"Radial Velocity",2015
"HD 219134 c",6.76458000000,0.0653000000,0.810000,"Radial Velocity",2015
"HD 219134 d",46.85900000000,0.2370000000,0.810000,"Radial Velocity",2015
"HATS-13 b",3.04404990000,0.0405700000,0.962000,"Transit",2015
"HATS-14 b",2.76676410000,0.0381500000,0.967000,"Transit",2015
"51 Eri b",9100.00000000000,10.4000000000,1.750000,"Imaging",2015
"KELT-6 c",1276.00000000000,2.3900000000,1.126000,"Radial Velocity",2015
"HD 164595 b",40.00000000000,0.2300000000,0.990000,"Radial Velocity",2015
"K2-21 b",9.32503800000,0.0760000000,0.676023,"Transit",2015
"K2-21 c",15.50192000000,0.1070000000,0.676023,"Transit",2015
"WASP-41 c",421.00000000000,1.0700000000,0.930000,"Radial Velocity",2015
"HD 11755 b",433.70001000000,1.0900000000,0.720000,"Radial Velocity",2015
"HD 12648 b",133.60001000000,0.5400000000,0.670000,"Radial Velocity",2015
"HD 24064 b",535.59998000000,1.2900000000,1.610000,"Radial Velocity",2015
"8 UMi b",93.31000000000,0.4620000000,1.510000,"Radial Velocity",2015
"Kepler-453 b",240.50300000000,0.7903000000,0.944000,"Transit",2015
"GJ 1132 b",1.62892911000,0.0157000000,0.194500,"Transit",2015
"HAT-P-50 b",3.12201090000,0.0453000000,1.273000,"Transit",2015
"HAT-P-51 b",4.21802091000,0.0504200000,0.961000,"Transit",2015
"HAT-P-52 b",2.75359530000,0.0369400000,0.887000,"Transit",2015
"HAT-P-53 b",1.96162410000,0.0315900000,1.093000,"Transit",2015
"HD 219134 f",22.71700000000,0.1463000000,0.810000,"Radial Velocity",2015
"HD 219134 g",94.20000000000,0.3753000000,0.794000,"Radial Velocity",2015
"HD 219134 h",2247.00000000000,3.1100000000,0.794000,"Radial Velocity",2015
"WASP-135 b",1.40137940000,0.0243000000,0.980000,"Transit",2015
"Kepler-454 c",524.19000000000,1.2870000000,1.030000,"Radial Velocity",2015
"HD 95872 b",4375.00000000000,5.1500000000,0.700000,"Radial Velocity",2015
"psi1 Dra B b",3117.00000000000,4.4300000000,1.190000,"Radial Velocity",2015
"Wolf 1061 b",4.88690000000,0.0375000000,0.294000,"Radial Velocity",2015
"Wolf 1061 c",17.87190000000,0.0890000000,0.294000,"Radial Velocity",2015
"Wolf 1061 d",217.21000000000,0.4700000000,0.294000,"Radial Velocity",2015
"K2-25 b",3.48456408000,0.0287000000,0.263400,"Transit",2015
"HD 32963 b",2372.00000000000,3.4100000000,0.940000,"Radial Velocity",2015
"HD 33844 b",551.40002000000,1.6000000000,1.840000,"Radial Velocity",2015
"HD 33844 c",916.00000000000,2.2400000000,1.780000,"Radial Velocity",2015
"K2-26 b",14.56650000000,0.0962000000,0.560000,"Transit",2016
"WASP-76 b",1.80988198000,0.0330000000,1.458000,"Transit",2016
"WASP-90 b",3.91624300000,0.0562000000,1.550000,"Transit",2016
"HD 5583 b",139.35000000000,0.5300000000,1.010000,"Radial Velocity",2016
"BD+15 2375 b",153.22000000000,0.5760000000,1.080000,"Radial Velocity",2016
"Pr0211 c",4850.00000000000,5.5000000000,0.935000,"Radial Velocity",2016
"HD 143105 b",2.19740000000,0.0379000000,1.510000,"Radial Velocity",2016
"HIP 109600 b",232.08000000000,0.7060000000,0.870000,"Radial Velocity",2016
"HD 35759 b",82.46700000000,0.3890000000,1.150000,"Radial Velocity",2016
"HIP 109384 b",499.48000000000,1.1340000000,0.780000,"Radial Velocity",2016
"HD 220842 b",218.47000000000,0.7400000000,1.130000,"Radial Velocity",2016
"HD 12484 b",58.83000000000,0.2970000000,1.010000,"Radial Velocity",2016
"HIP 65407 b",28.12500000000,0.1770000000,0.930000,"Radial Velocity",2016
"HIP 65407 c",67.30000000000,0.3160000000,0.930000,"Radial Velocity",2016
"HD 141399 b",94.44000000000,0.4150000000,1.070000,"Radial Velocity",2014
"HD 141399 c",201.99000000000,0.6890000000,1.070000,"Radial Velocity",2014
"HD 141399 d",1069.80000000000,2.0900000000,1.070000,"Radial Velocity",2014
"HD 141399 e",5000.00000000000,5.0000000000,1.070000,"Radial Velocity",2014
"KELT-4 A b",2.98959320000,0.0431700000,1.201000,"Transit",2016
"HIP 8541 b",1852.14387000000,3.7290000000,2.009000,"Radial Velocity",2016
"HIP 74890 b",822.30000000000,2.1000000000,1.740000,"Radial Velocity",2016
"KELT-14 b",1.71005660000,0.0300500000,1.239000,"Transit",2016
"K2-29 b",3.25883210000,0.0421700000,0.940000,"Transit",2016
"HATS-17 b",16.25461100000,0.1308000000,1.131000,"Transit",2016
"TYC 3667-1280-1 b",26.46800000000,0.2100000000,1.870000,"Radial Velocity",2016
"K2-30 b",4.09850300000,0.0483900000,0.900000,"Transit",2016
"KELT-10 b",4.16627390000,0.0525000000,1.112000,"Transit",2016
"TRAPPIST-1 b",1.51082600000,0.0115400000,0.089800,"Transit",2016
"TRAPPIST-1 c",2.42193700000,0.0158000000,0.089800,"Transit",2016
"TRAPPIST-1 d",4.04921900000,0.0222700000,0.089800,"Transit",2016
"K2-34 b",2.99563480000,0.0442000000,1.160000,"Transit",2016
"WASP-119 b",2.49979000000,0.0363000000,1.020000,"Transit",2016
"WASP-124 b",3.37265000000,0.0449000000,1.070000,"Transit",2016
"WASP-129 b",5.74814500000,0.0628000000,1.000000,"Transit",2016
"WASP-133 b",2.17642300000,0.0345000000,1.160000,"Transit",2016
"Kepler-539 c",1000.00000000000,2.4200000000,1.048000,"Transit Timing Variations",2016
"HD 191806 b",1603.38923000000,2.7490000000,1.070000,"Radial Velocity",2016
"HD 214823 b",1854.84424000000,3.0800000000,1.115000,"Radial Velocity",2016
"HD 221585 b",1173.00000000000,2.3060000000,1.190000,"Radial Velocity",2016
"Kepler-1647 b",1107.59230000000,2.7205000000,1.220700,"Transit",2016
"HD 219828 c",4789.87297000000,5.6570000000,1.040000,"Radial Velocity",2016
"HATS-25 b",4.29864320000,0.0516300000,0.994000,"Transit",2016
"HATS-26 b",3.30238810000,0.0473500000,1.299000,"Transit",2016
"HATS-27 b",4.63703800000,0.0611000000,1.415000,"Transit",2016
"HATS-28 b",3.18107810000,0.0413100000,0.929000,"Transit",2016
"HATS-29 b",4.60587490000,0.0547500000,1.032000,"Transit",2016
"HATS-30 b",3.17435160000,0.0435400000,1.093000,"Transit",2016
"WASP-121 b",1.27492504000,0.0257100000,1.330000,"Transit",2016
"V830 Tau b",4.92700000000,0.0570000000,1.000000,"Radial Velocity",2016
"HATS-15 b",1.74748753000,0.0271200000,0.871000,"Transit",2016
"HATS-16 b",2.68650200000,0.0374400000,0.970000,"Transit",2016
"WASP-157 b",3.95162300000,0.0499000000,1.060000,"Transit",2016
"K2-38 b",4.01593000000,0.0499400000,1.030000,"Transit",2016
"K2-38 c",10.56103000000,0.0951400000,1.030000,"Transit",2016
"WASP-113 b",4.54216874538,0.0588500000,1.318000,"Transit",2016
"WASP-114 b",1.54877430000,0.0285100000,1.289000,"Transit",2016
"GJ 3998 b",2.65033000000,0.0300000000,0.520000,"Radial Velocity",2016
"GJ 3998 c",13.72700000000,0.0900000000,0.520000,"Radial Velocity",2016
"HD 87646 b",13.48100000000,0.1170000000,1.120000,"Radial Velocity",2016
"Proxima Cen b",11.18465000000,0.0484800000,0.122100,"Radial Velocity",2016
"K2-95 b",10.13464540000,0.0525000000,0.410000,"Transit",2016
"HD 3167 b",0.95964100000,0.0179600000,0.837000,"Transit",2016
"HD 3167 c",29.84540000000,0.1776000000,0.837000,"Transit",2016
"HD 133131 A b",649.00000000000,1.4400000000,0.950000,"Radial Velocity",2016
"HD 133131 A c",3568.00000000000,4.4900000000,0.950000,"Radial Velocity",2016
"HD 133131 B b",5769.00000000000,6.1500000000,0.930000,"Radial Velocity",2016
"Kepler-266 b",6.61833000000,0.0710000000,,"Transit",2014
"KELT-17 b",3.08017160000,0.0488100000,1.635000,"Transit",2016
"WASP-92 b",2.17467420000,0.0348000000,1.190000,"Transit",2016
"WASP-93 b",2.73253210000,0.0421100000,1.334000,"Transit",2016
"WASP-118 b",4.04604350000,0.0545300000,1.320000,"Transit",2016
"HD 111998 b",810.00000000000,1.9100000000,1.400000,"Radial Velocity",2016
"HAT-P-65 b",2.60544751000,0.0404200000,1.297000,"Transit",2016
"HAT-P-66 b",2.97208600000,0.0436300000,1.255000,"Transit",2016
"OGLE-2007-BLG-349L AB c",2557.00000000000,2.5900000000,0.410000,"Microlensing",2016
"HATS-11 b",3.61918800000,0.0507000000,1.330000,"Transit",2016
"HATS-12 b",3.14270200000,0.0441000000,1.160000,"Transit",2016
"GJ 676 A c",13921.42302000000,9.7260000000,0.626000,"Radial Velocity",2016
"Kepler-56 d",1002.00000000000,2.1600000000,,"Radial Velocity",2016
"HD 42618 b",149.61000000000,0.5540000000,1.015000,"Radial Velocity",2016
"HD 164922 c",75.74000000000,0.3410000000,0.926000,"Radial Velocity",2016
"HATS-18 b",0.83784000000,0.0174000000,1.037000,"Transit",2016
"HD 9174 b",1179.00000000000,2.2000000000,1.030000,"Radial Velocity",2016
"HD 68402 b",1103.00000000000,2.1800000000,1.120000,"Radial Velocity",2016
"HD 72892 b",39.44603000000,0.2280000000,1.010000,"Radial Velocity",2016
"HD 128356 b",298.20000000000,0.8700000000,0.650000,"Radial Velocity",2016
"HD 147873 b",116.59600000000,0.5220000000,1.380000,"Radial Velocity",2016
"HD 147873 c",491.54000000000,1.3600000000,1.380000,"Radial Velocity",2016
"HD 165155 b",434.50000000000,1.1300000000,1.020000,"Radial Velocity",2016
"HD 224538 b",1202.05199000000,2.3750000000,1.230000,"Radial Velocity",2016
"GJ 536 b",8.70874000000,0.0668000000,0.528000,"Radial Velocity",2016
"WASP-130 b",11.55098000000,0.1012000000,1.040000,"Transit",2016
"WASP-131 b",5.32201250000,0.0608000000,1.060000,"Transit",2016
"WASP-132 b",7.13351640000,0.0674000000,0.789000,"Transit",2016
"WASP-139 b",5.92426200000,0.0620000000,0.920000,"Transit",2016
"WASP-141 b",3.31065100000,0.0469000000,1.250000,"Transit",2016
"WASP-142 b",2.05286800000,0.0347000000,1.330000,"Transit",2016
"HATS-31 b",3.37796000000,0.0478000000,1.275000,"Transit",2016
"HATS-32 b",2.81265480000,0.0402400000,1.099000,"Transit",2016
"HATS-33 b",2.54955510000,0.0372700000,1.062000,"Transit",2016
"HATS-34 b",2.10616070000,0.0316600000,0.955000,"Transit",2016
"HATS-35 b",1.82099930000,0.0319900000,1.317000,"Transit",2016
"HD 86950 b",1270.00000000000,2.7200000000,1.660000,"Radial Velocity",2016
"HD 222076 b",871.00000000000,1.8300000000,1.070000,"Radial Velocity",2016
"WASP-127 b",4.17806203000,0.0484000000,0.950000,"Transit",2016
"WASP-138 b",3.63443300000,0.0494000000,1.220000,"Transit",2016
"K2-101 b",14.67624290000,0.1124000000,0.820000,"Transit",2016
"EPIC 211822797 b",21.17019630000,0.1195000000,0.620000,"Transit",2016
"XO-6 b",3.76500070000,0.0815000000,1.470000,"Transit",2016
"HD 30177 c",11320.00000000000,9.9000000000,0.980000,"Radial Velocity",2016
"EPIC 220674823 b",0.57130782000,0.0132000000,0.913000,"Transit",2016
"EPIC 220674823 c",13.34060300000,0.1078000000,0.913000,"Transit",2016
"K2-107 b",3.31395900000,0.0475000000,1.300000,"Transit",2017
"WASP-53 b",3.30984430000,0.0410100000,0.839000,"Transit",2017
"WASP-53 c",2840.00000000000,3.7300000000,0.839000,"Radial Velocity",2017
"WASP-81 b",2.71647620000,0.0390800000,1.080000,"Transit",2017
"TAP 26 b",10.79000000000,0.0968000000,1.040000,"Radial Velocity",2017
"KELT-16 b",0.96899510000,0.0204400000,1.211000,"Transit",2017
"TRAPPIST-1 e",6.10101300000,0.0292500000,0.089800,"Transit",2017
"TRAPPIST-1 f",9.20754000000,0.0384900000,0.089800,"Transit",2017
"TRAPPIST-1 g",12.35244600000,0.0468300000,0.089800,"Transit",2017
"TRAPPIST-1 h",18.77286600000,0.0618900000,0.089800,"Transit",2017
"HD 106315 b",9.55237000000,0.0907000000,1.091000,"Transit",2017
"HD 106315 c",21.05704000000,0.1536000000,1.091000,"Transit",2017
"HD 17674 b",623.80000000000,1.4200000000,0.980000,"Radial Velocity",2017
"HD 42012 b",857.50000000000,1.6700000000,0.830000,"Radial Velocity",2017
"HD 29021 b",1365.00000000000,2.2940000000,0.860000,"Radial Velocity",2017
"HATS-22 b",4.72281240000,0.0502500000,0.759000,"Transit",2017
"HATS-23 b",2.16051560000,0.0339700000,1.121000,"Transit",2017
"HATS-24 b",1.34849780000,0.0238000000,1.070000,"Transit",2017
"Kepler-20 g",34.94000000000,0.2055000000,0.948000,"Radial Velocity",2016
"GJ 3138 b",1.22003000000,0.0197000000,0.681000,"Radial Velocity",2017
"GJ 3138 c",5.97400000000,0.0570000000,0.681000,"Radial Velocity",2017
"GJ 3138 d",257.80000000000,0.6980000000,0.681000,"Radial Velocity",2017
"GJ 3323 b",5.36360000000,0.0328200000,0.164000,"Radial Velocity",2017
"GJ 3323 c",40.54000000000,0.1264000000,0.164000,"Radial Velocity",2017
"GJ 273 b",18.64980000000,0.0911010000,0.290000,"Radial Velocity",2017
"GJ 273 c",4.72340000000,0.0364670000,0.290000,"Radial Velocity",2017
"GJ 3293 d",48.13450000000,0.1939400000,0.420000,"Radial Velocity",2017
"GJ 3293 e",13.25430000000,0.0820800000,0.420000,"Radial Velocity",2017
"Kepler-150 f",637.20930000000,1.2400000000,0.970000,"Transit",2017
"Qatar-3 b",2.50792040000,0.0378300000,1.145000,"Transit",2017
"Qatar-4 b",1.80535640000,0.0280300000,0.896000,"Transit",2017
"Qatar-5 b",2.87923190000,0.0412700000,1.128000,"Transit",2017
"LHS 1140 b",24.73723000000,0.0946000000,0.184400,"Transit",2017
"HIP 67537 b",2523.64713000000,4.8070000000,2.316000,"Radial Velocity",2017
"KELT-18 b",2.87175180000,0.0455000000,1.524000,"Transit",2017
"KELT-12 b",5.03162300000,0.0670800000,1.591000,"Transit",2017
"KELT-11 b",4.73620865000,0.0623000000,1.440000,"Transit",2017
"KELT-9 b",1.48112350000,0.0336800000,2.320000,"Transit",2017
"HD 3167 d",8.41120000000,0.0763000000,0.837000,"Radial Velocity",2017
"HD 20794 e",147.02000000000,0.5090000000,0.813000,"Radial Velocity",2017
"HD 27894 c",36.07000000000,0.1980000000,0.800000,"Radial Velocity",2017
"HD 27894 d",5019.54244000000,5.3620000000,0.810000,"Radial Velocity",2017
"BD+03 2562 b",481.90000000000,1.3000000000,1.140000,"Radial Velocity",2017
"HD 177565 b",44.50500000000,0.2460000000,1.000000,"Radial Velocity",2017
"TYC 4282-00605-1 b",101.54000000000,0.4220000000,0.970000,"Radial Velocity",2017
"WASP-167 b",2.02195960000,0.0365000000,1.590000,"Transit",2017
"K2-113 b",5.81768500000,0.0642000000,1.040000,"Transit",2017
"MXB 1658-298 b",760.00000000000,1.6130000000,,"Eclipse Timing Variations",2017
"tau Cet g",20.00000000000,0.1330000000,0.783000,"Radial Velocity",2017
"tau Cet h",49.41000000000,0.2430000000,0.783000,"Radial Velocity",2017
"tau Cet f",636.13000000000,1.3340000000,0.783000,"Radial Velocity",2017
"WASP-91 b",2.79858100000,0.0370000000,0.840000,"Transit",2017
"WASP-105 b",7.87288000000,0.0750000000,0.890000,"Transit",2017
"YZ Cet b",2.02087000000,0.0163400000,0.142000,"Radial Velocity",2017
"YZ Cet c",3.05989000000,0.0215600000,0.142000,"Radial Velocity",2017
"YZ Cet d",4.65626000000,0.0285100000,0.142000,"Radial Velocity",2017
"CoRoT-32 b",6.71837000000,0.0710000000,1.080000,"Transit",2018
"GJ 625 b",14.62800000000,0.0783610000,0.300000,"Radial Velocity",2017
"HD 208897 b",358.27000000000,1.0630000000,1.250000,"Radial Velocity",2017
"K2-117 c",5.44401700000,0.0492000000,0.540000,"Transit",2017
"K2-118 b",50.92092000000,0.2450000000,0.756446,"Transit",2017
"K2-125 b",21.75026400000,0.1210000000,0.494727,"Transit",2017
"K2-128 b",5.67581900000,0.0560000000,0.711248,"Transit",2017
"K2-129 b",8.23949300000,0.0570000000,0.360031,"Transit",2017
"K2-130 b",2.49412000000,0.0320000000,0.695630,"Transit",2017
"K2-131 b",0.36930380000,0.0093600000,0.803000,"Transit",2017
"GJ 1148 c",532.58000000000,0.9120000000,0.344045,"Radial Velocity",2017
"K2-133 b",3.07133000000,0.0319400000,0.461000,"Transit",2017
"K2-133 c",4.86784000000,0.0434100000,0.461000,"Transit",2017
"K2-133 d",11.02454000000,0.0748700000,0.461000,"Transit",2017
"WASP-151 b",4.53347750000,0.0550000000,1.081000,"Transit",2017
"WASP-153 b",3.33260900000,0.0480000000,1.336000,"Transit",2017
"WASP-156 b",3.83616230000,0.0458000000,0.871200,"Transit",2017
"HD 34445 c",214.67000000000,0.7181000000,1.070000,"Radial Velocity",2017
"HD 34445 d",117.87000000000,0.4817000000,1.070000,"Radial Velocity",2017
"HD 34445 e",49.17500000000,0.2687000000,1.070000,"Radial Velocity",2017
"HD 34445 f",676.80000000000,1.5430000000,1.070000,"Radial Velocity",2017
"HD 34445 g",5700.00000000000,6.3600000000,1.070000,"Radial Velocity",2017
"MASCARA-1 b",2.14877381000,0.0403520000,1.900000,"Transit",2017
"GJ 9827 b",1.20897400000,0.0189000000,0.620000,"Transit",2017
"GJ 9827 c",3.64810300000,0.0395000000,0.620000,"Transit",2017
"GJ 9827 d",6.20183000000,0.0530000000,0.620000,"Transit",2017
"KELT-20 b",3.47410850000,0.0542000000,1.760000,"Transit",2017
"NGTS-1 b",2.64729800000,0.0326000000,0.617000,"Transit",2017
"K2-136 b",7.97525000000,0.0707000000,0.742000,"Transit",2017
"K2-136 c",17.30723000000,0.1185000000,0.742000,"Transit",2017
"K2-136 d",25.57500000000,0.1538000000,0.742000,"Transit",2017
"Ross 128 b",9.86580000000,0.0496000000,0.168000,"Radial Velocity",2017
"HD 76920 b",415.89100000000,1.0910000000,1.000000,"Radial Velocity",2017
"HD 40956 b",578.60000000000,1.4000000000,2.000000,"Radial Velocity",2017
"HD 111591 b",1056.40000000000,2.5000000000,1.940000,"Radial Velocity",2017
"HD 113996 b",610.20000000000,1.6000000000,1.490000,"Radial Velocity",2017
"OGLE-2016-BLG-1190L b",1220.00000000000,2.1700000000,0.880000,"Microlensing",2017
"K2-139 b",28.38061900000,0.1796000000,0.960000,"Transit",2017
"K2-18 c",8.96200000000,0.0600000000,0.359000,"Radial Velocity",2017
"HD 176986 b",6.49164000000,0.0629560000,0.789000,"Radial Velocity",2017
"HD 176986 c",16.81240000000,0.1187300000,0.789000,"Radial Velocity",2017
"GJ 3942 b",6.90500000000,0.0608000000,0.630000,"Radial Velocity",2017
"Kepler-269 b",5.32671800000,0.0610000000,,"Transit",2014
"PSR J2322-2650 b",0.32296399700,0.0102000000,1.400000,"Pulsar Timing",2017
"K2-140 b",6.56918800000,0.0680000000,0.960000,"Transit",2017
"HATS-50 b",3.82970150000,0.0504600000,1.168000,"Transit",2017
"HATS-51 b",3.34887020000,0.0463900000,1.187000,"Transit",2017
"HATS-52 b",1.36665436000,0.0249800000,1.111000,"Transit",2017
"HATS-53 b",3.85377680000,0.0475300000,0.964000,"Transit",2017
"K2-138 b",2.35309000000,0.0338500000,0.935000,"Transit",2017
"K2-138 c",3.56004000000,0.0446100000,0.935000,"Transit",2017
"K2-138 d",5.40479000000,0.0589300000,0.935000,"Transit",2017
"K2-138 e",8.26146000000,0.0782000000,0.935000,"Transit",2017
"K2-138 f",12.75758000000,0.1044700000,0.935000,"Transit",2017
"KELT-19 A b",4.61170930000,0.0637000000,1.620000,"Transit",2017
"K2-141 b",0.28032440000,0.0074700000,0.708000,"Transit",2018
"K2-141 c",7.74850000000,0.0683000000,0.708000,"Transit",2018
"HD 238914 b",4100.00000000000,5.7000000000,1.470000,"Radial Velocity",2018
"TYC 3318-01333-1 b",562.00000000000,1.4140000000,1.190000,"Radial Velocity",2018
"BD+48 740 b",733.00000000000,1.7000000000,1.090000,"Radial Velocity",2018
"K2-147 b",0.96193900000,0.0157500000,0.563000,"Transit",2018
"K2-148 b",4.38395000000,0.0454000000,0.650000,"Transit",2018
"K2-148 c",6.92260000000,0.0616000000,0.650000,"Transit",2018
"K2-148 d",9.75790000000,0.0774000000,0.650000,"Transit",2018
"K2-149 b",11.33200000000,0.0830000000,0.595000,"Transit",2018
"K2-150 b",10.59357000000,0.0727000000,0.457000,"Transit",2018
"K2-152 b",32.64790000000,0.1716000000,0.630000,"Transit",2018
"K2-153 b",7.51574000000,0.0614000000,0.550000,"Transit",2018
"K2-154 b",3.67626000000,0.0405000000,0.650000,"Transit",2018
"K2-154 c",7.95486000000,0.0677000000,0.650000,"Transit",2018
"K2-155 b",6.34200000000,0.0562000000,0.650000,"Transit",2018
"K2-155 c",13.85000000000,0.0946000000,0.650000,"Transit",2018
"K2-155 d",40.71800000000,0.1937000000,0.650000,"Transit",2018
"KELT-21 b",3.61276470000,0.0522400000,1.458000,"Transit",2018
"HD 215152 d",10.86499000000,0.0879900000,0.770000,"Radial Velocity",2018
"HD 215152 e",25.19670000000,0.1541700000,0.770000,"Radial Velocity",2018
"Kepler-1654 b",1047.83560000000,2.0260000000,1.011000,"Transit",2018
"K2-232 b",11.16845400000,0.1035600000,1.188000,"Transit",2018
"HATS-39 b",4.57763480000,0.0600700000,1.379000,"Transit",2018
"HATS-40 b",3.26427360000,0.0499700000,1.561000,"Transit",2018
"HATS-41 b",4.19364900000,0.0583000000,1.496000,"Transit",2018
"HATS-42 b",2.29210200000,0.0368900000,1.273000,"Transit",2018
"HD 158996 b",820.20000000000,2.1000000000,1.800000,"Radial Velocity",2018
"KPS-1 b",1.70629100000,0.0269000000,0.892000,"Transit",2018
"K2-233 b",2.46758300000,0.0329300000,0.790000,"Transit",2018
"K2-233 c",7.06024000000,0.0664000000,0.790000,"Transit",2018
"K2-233 d",24.36810000000,0.1516000000,0.790000,"Transit",2018
"gam Lib b",414.88000000000,1.3190000000,1.780000,"Radial Velocity",2018
"gam Lib c",966.49000000000,2.3180000000,1.780000,"Radial Velocity",2018
"24 Boo b",30.33000000000,0.1940000000,1.050000,"Radial Velocity",2018
"HATS-43 b",4.38884970000,0.0494400000,0.837000,"Transit",2018
"HATS-44 b",2.74390040000,0.0364900000,0.860000,"Transit",2018
"HATS-45 b",4.18762440000,0.0551100000,1.272000,"Transit",2018
"HATS-46 b",4.74237290000,0.0536700000,0.917000,"Transit",2018
"HATS-7 b",3.18531500000,0.0401200000,0.849000,"Transit",2015
"HD 47366 b",360.08000000000,1.2070000000,1.810000,"Radial Velocity",2016
"HD 47366 c",677.53000000000,1.8400000000,1.810000,"Radial Velocity",2016
"NGTS-3 A b",1.67537280000,0.0230000000,1.017000,"Transit",2018
"HD 89345 b",11.81430000000,0.1066000000,1.157000,"Transit",2018
"K2-239 b",5.24000000000,0.0441000000,0.400000,"Transit",2018
"K2-239 c",7.77500000000,0.0576000000,0.400000,"Transit",2018
"K2-239 d",10.11500000000,0.0685000000,0.400000,"Transit",2018
"K2-240 b",6.03400000000,0.0513000000,0.580000,"Transit",2018
"K2-240 c",20.52300000000,0.1159000000,0.580000,"Transit",2018
"K2-237 b",2.18053332000,0.0355200000,1.256000,"Transit",2018
"K2-238 b",3.20466000000,0.0460000000,1.190000,"Transit",2018
"HAT-P-11 c",3361.00000000000,4.1000000000,0.811000,"Radial Velocity",2018
"K2-241 b",26.81990000000,0.1567000000,0.710000,"Transit",2018
"K2-242 b",6.51389000000,0.0494000000,0.380000,"Transit",2018
"K2-158 c",5.90279000000,0.0622000000,0.920000,"Transit",2018
"K2-243 b",11.54182000000,0.1087000000,1.290000,"Transit",2018
"K2-243 c",24.94598000000,0.1817000000,1.290000,"Transit",2018
"K2-245 b",11.89307000000,0.0959000000,0.830000,"Transit",2018
"K2-246 b",5.76918000000,0.0602000000,0.870000,"Transit",2018
"K2-247 b",2.25021000000,0.0304000000,0.740000,"Transit",2018
"K2-247 c",6.49424000000,0.0615000000,0.740000,"Transit",2018
"K2-248 b",7.17256000000,0.0699000000,0.880000,"Transit",2018
"K2-249 b",12.40900000000,0.1151000000,1.320000,"Transit",2018
"K2-250 b",4.01392000000,0.0460600000,0.809000,"Transit",2018
"K2-251 b",9.30075000000,0.0694000000,0.520000,"Transit",2018
"K2-252 b",13.81513000000,0.1041000000,0.790000,"Transit",2018
"K2-253 b",4.00167000000,0.0506000000,1.080000,"Transit",2018
"K2-254 b",4.09639000000,0.0448000000,0.710000,"Transit",2018
"K2-254 c",12.11839000000,0.0923000000,0.710000,"Transit",2018
"K2-255 b",1.96417000000,0.0274000000,0.710000,"Transit",2018
"K2-257 b",1.60588000000,0.0216000000,0.520000,"Transit",2018
"K2-258 b",19.09210000000,0.1490000000,1.210000,"Transit",2018
"IC 4651 9122 b",734.00000000000,2.0380000000,2.100000,"Radial Velocity",2018
"CoRoT-20 c",1675.00000000000,2.9000000000,1.140000,"Radial Velocity",2018
"K2-260 b",2.62669762000,0.0439200000,1.637000,"Transit",2018
"K2-261 b",11.63346810000,0.1086000000,1.107000,"Transit",2018
"WASP-174 b",4.23370050000,0.0550300000,1.240000,"Transit",2018
"Wolf 503 b",6.00127000000,0.0570600000,0.688000,"Transit",2018
"K2-264 b",5.84000200000,0.0502300000,0.496000,"Transit",2018
"K2-264 c",19.66030200000,0.1128300000,0.496000,"Transit",2018
"HD 55696 b",1827.00000000000,3.1800000000,1.290000,"Radial Velocity",2018
"HD 98736 b",968.80000000000,1.8640000000,0.920000,"Radial Velocity",2018
"HD 148164 b",328.55000000000,0.9930000000,1.210000,"Radial Velocity",2018
"HD 148164 c",5062.00000000000,6.1500000000,1.210000,"Radial Velocity",2018
"HD 211810 b",1558.00000000000,2.6560000000,1.030000,"Radial Velocity",2018
"HD 75784 c",7900.00000000000,8.4000000000,1.260000,"Radial Velocity",2018
"NGTS-2 b",4.51116400000,0.0630000000,1.640000,"Transit",2018
"EPIC 246851721 b",6.18023500000,0.0722900000,1.317000,"Transit",2018
"K2-266 b",0.65852400000,0.0130600000,0.686000,"Transit",2018
"K2-266 c",7.81400000000,0.0679000000,0.686000,"Transit",2018
"K2-266 d",14.69700000000,0.1035000000,0.686000,"Transit",2018
"K2-266 e",19.48200000000,0.1249000000,0.686000,"Transit",2018
"WASP-144 b",2.27831520000,0.0316000000,0.810000,"Transit",2018
"WASP-145 A b",1.76903810000,0.0261000000,0.760000,"Transit",2018
"WASP-158 b",3.65633300000,0.0517000000,1.380000,"Transit",2018
"WASP-159 b",3.84040100000,0.0538000000,1.410000,"Transit",2018
"WASP-162 b",9.62468000000,0.0871000000,0.950000,"Transit",2018
"WASP-168 b",4.15365800000,0.0519000000,1.080000,"Transit",2018
"WASP-172 b",5.47743300000,0.0694000000,1.490000,"Transit",2018
"WASP-173 A b",1.38665318000,0.0248000000,1.050000,"Transit",2018
"WASP-147 b",4.60273000000,0.0549000000,1.044000,"Transit",2018
"WASP-160 B b",3.76849520000,0.0452000000,0.870000,"Transit",2018
"WASP-164 b",1.77712550000,0.0281800000,0.946000,"Transit",2018
"WASP-165 b",3.46550900000,0.0482300000,1.248000,"Transit",2018
"GJ 96 b",73.94000000000,0.2910000000,0.600000,"Radial Velocity",2018
"K2-284 b",4.79506900000,0.0477100000,0.630000,"Transit",2018
"GJ 317 c",6500.00000000000,5.0400000000,0.402000,"Radial Velocity",2016
"HD 33142 c",810.20000000000,1.9550000000,1.520000,"Radial Velocity",2016
"HD 95089 c",1785.00000000000,3.3300000000,1.540000,"Radial Velocity",2016
"HD 156279 c",4818.25358000000,5.4860000000,0.940000,"Radial Velocity",2016
"HD 114783 c",4352.00000000000,5.0000000000,0.900000,"Radial Velocity",2016
"HATS-59 b",5.41608100000,0.0611200000,1.038000,"Transit",2018
"HATS-59 c",1422.00000000000,2.5040000000,1.038000,"Radial Velocity",2018
"GJ 3779 b",3.02320000000,0.0260000000,0.270000,"Radial Velocity",2018
"GJ 1265 b",3.65110000000,0.0260000000,0.178000,"Radial Velocity",2018
"LHS 1140 c",3.77794000000,0.0270000000,0.184400,"Transit",2018
"CoRoT-21 b",2.72474000000,0.0417000000,1.290000,"Transit",2012
"HD 13167 b",2613.00000000000,4.1000000000,1.350000,"Radial Velocity",2018
"HD 14787 b",676.60000000000,1.7000000000,1.430000,"Radial Velocity",2018
"HD 18015 b",2278.00000000000,3.8700000000,1.490000,"Radial Velocity",2018
"HD 72490 b",858.00000000000,1.8800000000,1.210000,"Radial Velocity",2018
"HD 94834 b",1576.00000000000,2.7400000000,1.110000,"Radial Velocity",2018
"HD 180053 b",213.72000000000,0.8430000000,1.750000,"Radial Velocity",2018
"HD 4917 b",400.50000000000,1.1670000000,1.320000,"Radial Velocity",2018
"WASP-161 b",5.40604250000,0.0673000000,1.390000,"Transit",2018
"WASP-163 b",1.60968840000,0.0266000000,0.970000,"Transit",2018
"WASP-170 b",2.34478022000,0.0337000000,0.930000,"Transit",2018
"K2-285 b",3.47174500000,0.0381700000,0.830000,"Transit",2018
"K2-285 c",7.13804800000,0.0824000000,0.830000,"Transit",2018
"K2-285 d",10.45582000000,0.1178000000,0.830000,"Transit",2018
"K2-285 e",14.76289000000,0.1804100000,0.830000,"Transit",2018
"K2-286 b",27.35900000000,0.1768000000,0.640000,"Transit",2018
"K2-287 b",14.89329100000,0.1206000000,1.056000,"Transit",2018
"K2-288 B b",31.39346300000,0.1640000000,0.330000,"Transit",2018
"HATS-60 b",3.56082900000,0.0470800000,1.097000,"Transit",2018
"HATS-61 b",7.81795300000,0.0790800000,1.076000,"Transit",2018
"HATS-62 b",3.27688370000,0.0416300000,0.896000,"Transit",2018
"HATS-63 b",3.05665270000,0.0402600000,0.931000,"Transit",2018
"HATS-64 b",4.90889700000,0.0656200000,1.564000,"Transit",2018
"HATS-65 b",3.10516100000,0.0449700000,1.257000,"Transit",2018
"HATS-66 b",3.14143910000,0.0471400000,1.411000,"Transit",2018
"HATS-67 b",1.60917880000,0.0303200000,1.435000,"Transit",2018
"HATS-68 b",3.58622020000,0.0507100000,1.351000,"Transit",2018
"HATS-69 b",2.22525770000,0.0321100000,0.892000,"Transit",2018
"HD 202696 b",517.80000000000,1.5660000000,1.910000,"Radial Velocity",2019
"HD 202696 c",946.60000000000,2.3420000000,1.910000,"Radial Velocity",2019
"K2-290 b",9.21165000000,0.0923000000,1.194000,"Transit",2019
"K2-290 c",48.36685000000,0.3050000000,1.194000,"Transit",2019
"K2-291 b",2.22517700000,0.0326100000,0.934000,"Transit",2019
"GJ 4276 b",13.35200000000,0.0820000000,0.406000,"Radial Velocity",2019
"LHS 3844 b",0.46292970900,0.0062400000,0.151000,"Transit",2019
"HD 202772 A b",3.30887750000,0.0520800000,1.721000,"Transit",2019
"K2-292 b",16.98410000000,0.1300000000,1.000000,"Transit",2019
"HD 20781 d",29.15800000000,0.1647000000,0.700000,"Radial Velocity",2019
"HD 20781 e",85.50730000000,0.3374000000,0.700000,"Radial Velocity",2019
"HD 45184 c",13.13540000000,0.1100000000,1.030000,"Radial Velocity",2019
"HATS-70 b",1.88823780000,0.0363200000,1.780000,"Transit",2019
"GJ 143 b",35.61253000000,0.1915000000,0.730000,"Transit",2019
"HD 23472 b",17.66708700000,0.1162000000,0.670000,"Transit",2019
"HD 23472 c",29.79749000000,0.1646000000,0.670000,"Transit",2019
"HD 1397 b",11.53533000000,0.1097000000,1.324000,"Transit",2018
"GJ 411 b",12.93940000000,0.0787900000,0.389900,"Radial Velocity",2019
"WASP-190 b",5.36775300000,0.0663000000,1.350000,"Transit",2019
"Gl 378 b",3.82200000000,0.0394350000,0.560000,"Radial Velocity",2019
"Kepler-270 b",11.47609400000,0.1070000000,,"Transit",2014
"Gl 686 b",15.53000000000,0.0910000000,0.426000,"Radial Velocity",2018
"Qatar-7 b",2.03204600000,0.0352000000,1.409000,"Transit",2019
"TOI-172 b",9.47725000000,0.0914000000,1.128000,"Transit",2019
"GJ 685 b",24.16000000000,0.1344000000,0.550000,"Radial Velocity",2019
"HD 181234 b",7593.40512000000,7.4270000000,0.940000,"Radial Velocity",2019
"HD 25015 b",6134.42700000000,6.2480000000,0.860000,"Radial Velocity",2019
"HD 50499 c",8619.90000000000,9.0200000000,1.310000,"Radial Velocity",2019
"HD 92788 c",11611.29750000000,10.5000000000,1.150000,"Radial Velocity",2019
"HD 221416 b",14.27670000000,0.1228000000,1.212000,"Transit",2019
"WASP-177 b",3.07172200000,0.0395700000,0.876000,"Transit",2019
"WASP-181 b",4.51950640000,0.0542700000,1.040000,"Transit",2019
"WASP-183 b",4.11177710000,0.0463200000,0.784000,"Transit",2019
"Kepler-47 d",187.36600000000,0.6992000000,0.957000,"Transit",2019
"HD 21749 c",7.78993000000,0.0695000000,0.730000,"Transit",2019
"Qatar-8 b",3.71495000000,0.0474000000,1.029000,"Transit",2019
"Qatar-9 b",1.54073100000,0.0234000000,0.719000,"Transit",2019
"Qatar-10 b",1.64532100000,0.0286000000,1.156000,"Transit",2019
"HD 221420 b",10090.00000000000,10.1500000000,1.351000,"Radial Velocity",2019
"NGTS-5 b",3.35698660000,0.0382000000,0.661000,"Transit",2019
"HD 210193 b",649.91800000000,1.4870000000,1.040000,"Radial Velocity",2019
"HD 211970 b",25.20100000000,0.1430000000,0.610000,"Radial Velocity",2019
"HD 39855 b",3.24980000000,0.0410000000,0.870000,"Radial Velocity",2019
"HIP 35173 b",41.51600000000,0.2170000000,0.790000,"Radial Velocity",2019
"HD 102843 b",3090.94200000000,4.0740000000,0.950000,"Radial Velocity",2019
"HD 103949 b",120.87800000000,0.4390000000,0.770000,"Radial Velocity",2019
"HD 206255 b",96.04500000000,0.4610000000,1.420000,"Radial Velocity",2019
"HD 21411 b",84.28800000000,0.3620000000,0.890000,"Radial Velocity",2019
"HD 64114 b",45.79100000000,0.2460000000,0.950000,"Radial Velocity",2019
"HD 8326 b",158.99100000000,0.5330000000,0.800000,"Radial Velocity",2019
"HIP 54373 b",7.76000000000,0.0630000000,0.570000,"Radial Velocity",2019
"HIP 54373 c",15.14400000000,0.0990000000,0.570000,"Radial Velocity",2019
"HD 24085 b",2.04550000000,0.0340000000,1.220000,"Radial Velocity",2019
"HIP 71135 b",87.19000000000,0.3350000000,0.660000,"Radial Velocity",2019
"NGTS-4 b",1.33735080000,0.0190000000,0.750000,"Transit",2019
"K2-133 e",26.58410000000,0.1346000000,0.461000,"Transit",2019
"K2-32 e",4.34934000000,0.0489900000,0.830000,"Transit",2019
"EPIC 201841433 b",4.16980000000,0.0350000000,0.802000,"Transit",2019
"L 98-59 b",2.25311400000,0.0223000000,0.292300,"Transit",2019
"L 98-59 c",3.69067640000,0.0309000000,0.292300,"Transit",2019
"L 98-59 d",7.45072900000,0.0494000000,0.292300,"Transit",2019
"HD 2685 b",4.12688000000,0.0568000000,1.430000,"Transit",2019
"Gl 49 b",13.85080000000,0.0905000000,0.515000,"Radial Velocity",2019
"TOI-150.01",5.85748700000,0.0703700000,1.351000,"Transit",2019
"KELT-23 A b",2.25525100000,0.0330200000,0.944000,"Transit",2019
"HD 180617 b",105.91100000000,0.3430000000,0.484000,"Radial Velocity",2018
"LSPM J2116+0234 b",14.43990000000,0.0876000000,0.430000,"Radial Velocity",2019
"NSVS 14256825 b",3225.00000000000,3.1200000000,0.419000,"Eclipse Timing Variations",2019
"V1298 Tau b",24.14000600000,0.1685000000,1.100000,"Transit",2019
"Teegarden's Star b",4.90634000000,0.0259000000,0.097000,"Radial Velocity",2019
"Teegarden's Star c",11.41600000000,0.0455000000,0.097000,"Radial Velocity",2019
"WASP-87 b",1.68279500000,0.0294600000,1.204000,"Transit",2016
"Kepler-411 e",31.50972800000,0.1860000000,0.870000,"Transit Timing Variations",2018
"DE CVn b",4098.10000000000,5.7500000000,0.510000,"Eclipse Timing Variations",2018
"EPIC 248847494 b",3650.00000000000,4.5000000000,0.900000,"Transit",2018
"EPIC 212737443 c",65.55000000000,0.2800000000,0.690000,"Transit",2019
"WASP-166 b",5.44354000000,0.0641000000,1.190000,"Transit",2019
"Kepler-849 b",394.62508000000,1.1370000000,1.259000,"Transit",2016
"Kepler-82 f",75.73200000000,0.3395000000,0.910000,"Transit Timing Variations",2019
"HR 858 b",3.58528700000,0.0488800000,1.204000,"Transit",2019
"HR 858 c",5.97386500000,0.0687000000,1.204000,"Transit",2019
"HR 858 d",11.23051100000,0.1046000000,1.204000,"Transit",2019
"GJ 357 b",3.93060000000,0.0360000000,0.342000,"Transit",2019
"GJ 357 c",9.12470000000,0.0610000000,0.342000,"Radial Velocity",2019
"GJ 357 d",55.66100000000,0.2040000000,0.342000,"Radial Velocity",2019
"LTT 1445 A b",5.35876350000,0.0381000000,0.257000,"Transit",2019
"HAT-P-69 b",4.78694910000,0.0655500000,1.648000,"Transit",2019
"HAT-P-70 b",2.74432452000,0.0473900000,1.890000,"Transit",2019
"HATS-54 b",2.54417650000,0.0370000000,1.050000,"Transit",2019
"HATS-55 b",4.20420010000,0.0541200000,1.195500,"Transit",2019
"HATS-56 b",4.32479900000,0.0604300000,1.573000,"Transit",2019
"HATS-57 b",2.35062100000,0.0349300000,1.026000,"Transit",2019
"HATS-58 A b",4.21808960000,0.0579800000,1.461000,"Transit",2019
"bet Pic c",1202.00000000000,2.7000000000,1.789000,"Radial Velocity",2019
"HR 5183 b",27000.00000000000,18.0000000000,1.070000,"Radial Velocity",2019
"OGLE-2018-BLG-0740L b",5480.00000000000,5.0000000000,1.000000,"Microlensing",2019
"WASP-169 b",5.61141180000,0.0681000000,1.337000,"Transit",2019
"WASP-171 b",3.81862440000,0.0504000000,1.171000,"Transit",2019
"WASP-175 b",3.06529070000,0.0440300000,1.212000,"Transit",2019
"WASP-182 b",3.37698480000,0.0451000000,1.076000,"Transit",2019
"Kepler-301 b",2.50855300000,0.0360000000,,"Transit",2014
"KELT-24 b",5.55149296000,0.0665000000,1.268000,"Transit",2019
"NGTS-6 b",0.88205900000,0.0167700000,0.767000,"Transit",2019
"WASP-180 A b",3.40926400000,0.0480000000,1.300000,"Transit",2019
"GJ 15 A c",7600.00000000000,5.4000000000,0.380000,"Radial Velocity",2018
"WASP-178 b",3.34482850000,0.0558000000,2.070000,"Transit",2019
"WASP-184 b",5.18170000000,0.0627000000,1.230000,"Transit",2019
"WASP-185 b",9.38755000000,0.0904000000,1.120000,"Transit",2019
"WASP-192 b",2.87867650000,0.0408000000,1.090000,"Transit",2019
"GJ 3512 b",203.10900000000,0.3376000000,0.123000,"Radial Velocity",2019
"Kepler-300 c",40.71495500000,0.2320000000,,"Transit",2014
"GJ 27.1 b",15.81900000000,0.1010000000,0.530000,"Radial Velocity",2014
"GJ 160.2 b",5.23540000000,0.0530000000,0.690000,"Radial Velocity",2014
"GJ 180 b",17.13300000000,0.0920000000,0.430000,"Radial Velocity",2014
"GJ 180 c",24.32900000000,0.1290000000,0.430000,"Radial Velocity",2014
"GJ 229 b",579.47495000000,1.0860000000,0.509000,"Radial Velocity",2014
"GJ 422 b",20.12900000000,0.1110000000,0.350000,"Radial Velocity",2014
"GJ 433 c",5094.10500000000,4.8190000000,0.480000,"Radial Velocity",2014
"GJ 682 b",17.47800000000,0.0800000000,0.270000,"Radial Velocity",2014
"GJ 682 c",57.32000000000,0.1760000000,0.270000,"Radial Velocity",2014
"V1298 Tau c",8.24916400000,0.0824000000,1.100000,"Transit",2019
"V1298 Tau d",12.40139400000,0.1081000000,1.100000,"Transit",2019
"V1298 Tau e",48.67771400000,0.2689000000,1.100000,"Transit",2019
"7 CMa c",996.00000000000,2.1530000000,1.340000,"Radial Velocity",2019
"eps Ind A b",25450.00000000000,15.7600000000,0.800000,"Radial Velocity",2019
"LP 791-18 b",0.94799810000,0.0097800000,0.139000,"Transit",2019
"LP 791-18 c",4.98991000000,0.0296100000,0.139000,"Transit",2019
"TOI-163 b",4.23130600000,0.0580000000,1.435200,"Transit",2019
"Kepler-448 c",2500.00000000000,4.2000000000,1.500000,"Transit Timing Variations",2017
"TOI-125 b",4.65382000000,0.0518600000,0.859000,"Transit",2019
"TOI-125 c",9.15059000000,0.0814000000,0.859000,"Transit",2019
"HD 125390 b",1757.39151000000,3.4960000000,1.820000,"Radial Velocity",2019
"NGTS-8 b",2.49970000000,0.0350000000,0.890000,"Transit",2019
"NGTS-9 b",4.43527000000,0.0580000000,1.340000,"Transit",2019
"HD 220197 b",1728.00000000000,2.7290000000,0.910000,"Radial Velocity",2018
"HD 233832 b",2058.00000000000,2.8270000000,0.710000,"Radial Velocity",2018
"Kepler-299 c",6.88587500000,0.0700000000,,"Transit",2014
"Qatar-6 b",3.50619500000,0.0423000000,0.822000,"Transit",2017
"PSR B0329+54 b",10140.00000000000,10.2600000000,1.440000,"Pulsar Timing",2017
"HD 213885 b",1.00803500000,0.0201200000,1.068000,"Transit",2019
"HD 213885 c",4.78503000000,0.0567980000,1.068000,"Radial Velocity",2019
"XO-7 b",2.86414240000,0.0442100000,1.405000,"Transit",2019
"DMPP-1 b",17.81200000000,0.1423000000,1.210000,"Radial Velocity",2019
"DMPP-1 c",10.03000000000,0.0973000000,1.210000,"Radial Velocity",2019
"DMPP-1 d",3.14170000000,0.0446700000,1.210000,"Radial Velocity",2019
"DMPP-1 e",5.51600000000,0.0651000000,1.210000,"Radial Velocity",2019
"DMPP-2 b",5.20300000000,0.0663800000,1.410000,"Radial Velocity",2019
"DMPP-3 A b",5.59000000000,0.0595800000,0.900000,"Radial Velocity",2019
"TOI-813 b",83.89110000000,0.4230000000,1.320000,"Transit",2020
"GJ 180 d",106.30000000000,0.3090000000,0.430000,"Radial Velocity",2020
"GJ 229 A c",121.93268000000,0.3840000000,0.509000,"Radial Velocity",2020
"GJ 433 d",36.05900000000,0.1780000000,0.480000,"Radial Velocity",2020
"Kepler-298 b",10.47546400000,0.0800000000,,"Transit",2014
"GJ 3082 b",11.94900000000,0.0790000000,0.470000,"Radial Velocity",2020
"EPIC 249893012 b",3.59510000000,0.0470000000,1.050000,"Transit",2020
"EPIC 249893012 c",15.62400000000,0.1300000000,1.050000,"Transit",2020
"EPIC 249893012 d",35.74700000000,0.2200000000,1.050000,"Transit",2020
"L 168-9 b",1.40152604000,0.0208000000,0.614000,"Transit",2020
"TOI-125 d",19.98000000000,0.1370000000,0.859000,"Transit",2020
"Kepler-1661 b",175.06000000000,0.6330000000,0.841000,"Transit",2020
"TOI-132 b",2.10970190000,0.0260000000,0.970000,"Transit",2020
"GJ 1061 b",3.20730000000,0.0210000000,0.120000,"Radial Velocity",2020
"GJ 1061 c",6.68210000000,0.0342000000,0.120000,"Radial Velocity",2020
"GJ 1061 d",13.06600000000,0.0540000000,0.120000,"Radial Velocity",2020
"HATS-47 b",3.92280380000,0.0426900000,0.674000,"Transit",2020
"HATS-48 A b",3.13166660000,0.0376900000,0.727900,"Transit",2020
"HATS-49 b",4.14804670000,0.0451500000,0.713300,"Transit",2020
"HATS-72 b",7.32794740000,0.0665170000,0.731100,"Transit",2020
"NGTS-10 b",0.76689440000,0.0143000000,0.696000,"Transit",2020
"MASCARA-4 b",2.82409320000,0.0474000000,1.750000,"Transit",2020
"TOI-1130 b",4.07455400000,0.0453000000,0.745000,"Transit",2020
"TOI-1130 c",8.35018980000,0.0731000000,0.745000,"Transit",2020
"CoRoT-30 b",9.06005000000,0.0844000000,0.980000,"Transit",2020
"CoRoT-31 b",4.62941000000,0.0586000000,1.250000,"Transit",2020
"TOI-677 b",11.23659850000,0.1041000000,1.181000,"Transit",2020
"HD 164922 d",12.45800000000,0.1030000000,0.926000,"Radial Velocity",2020
"WASP-150 b",5.64420700000,0.0694000000,1.394000,"Transit",2020
"WASP-176 b",3.89905200000,0.0535000000,1.345000,"Transit",2020
"HD 332231 b",18.71202400000,0.1450000000,1.164200,"Transit",2020
"LTT 3780 b",0.76837931000,0.0119500000,0.381000,"Transit",2020
"LTT 3780 c",12.25228400000,0.0757000000,0.381000,"Transit",2020
"Kepler-297 b",38.87182600000,0.2170000000,,"Transit",2014
"HD 81817 b",1021.20159000000,3.2330000000,4.300000,"Radial Velocity",2020
"AU Mic b",8.46344600000,0.0700000000,0.635000,"Transit",2020
"GJ 338 B b",24.42200000000,0.1420000000,0.640000,"Radial Velocity",2020
"Kepler-160 d",30.00000000000,0.1700000000,,"Transit Timing Variations",2020
"WASP-148 b",8.80380900000,0.0821500000,0.954000,"Transit",2020
"WASP-148 c",34.52400000000,0.2044000000,0.954000,"Radial Velocity",2020
"TOI-1728 b",3.49151000000,0.0391000000,0.646000,"Transit",2020
"NGTS-11 b",35.45533000000,0.2010000000,0.862000,"Transit",2020
"GJ 887 b",9.26190000000,0.0683000000,0.495000,"Radial Velocity",2020
"GJ 887 c",21.78400000000,0.1210000000,0.495000,"Radial Velocity",2020
"TOI-849 b",0.76554800000,0.0155000000,0.970000,"Transit",2020
"Wendelstein-1 b",2.66341600000,0.0282000000,0.650000,"Transit",2020
"Wendelstein-2 b",1.75222390000,0.0234000000,0.730000,"Transit",2020
"HD 191939 b",8.88032560000,0.0804000000,0.810000,"Transit",2020
"HD 191939 c",28.57974300000,0.1752000000,0.810000,"Transit",2020
"HD 191939 d",38.35303700000,0.2132000000,0.810000,"Transit",2020
"TOI-700 b",9.97721900000,0.0677000000,0.415000,"Transit",2020
"TOI-700 c",16.05113700000,0.0929000000,0.415000,"Transit",2020
"TOI-700 d",37.42396000000,0.1633000000,0.415000,"Transit",2020
"BD-11 4672 c",74.20000000000,0.3000000000,0.651000,"Radial Velocity",2020
"HIP 67522 b",6.95947310000,0.0748000000,1.220000,"Transit",2020
"TOI-1899 b",29.09031200000,0.1525000000,0.632000,"Transit",2020
"HIP 65 A b",0.98097340000,0.0178200000,0.781000,"Transit",2020
"TOI-157 b",2.08454350000,0.0313800000,0.948000,"Transit",2020
"TOI-169 b",2.25544770000,0.0352400000,1.147000,"Transit",2020
"HATS-37 A b",4.33153660000,0.0491300000,0.843000,"Transit",2020
"HATS-38 b",4.37502100000,0.0503600000,0.890000,"Transit",2020
"HD 86226 c",3.98442000000,0.0490000000,1.019000,"Transit",2020
"Kepler-296 c",5.84163660000,0.0521000000,0.498000,"Transit",2014
"GJ 2056 b",69.97100000000,0.2830000000,0.620000,"Radial Velocity",2020
"GJ 480 b",9.55360000000,0.0680000000,0.450000,"Radial Velocity",2020
"GJ 687 c",727.56200000000,1.1650000000,0.400000,"Radial Velocity",2020
"GJ 9066 c",771.36000000000,0.8800000000,0.150000,"Radial Velocity",2020
"HIP 107772 b",55.19900000000,0.2430000000,0.630000,"Radial Velocity",2020
"HIP 38594 b",60.72200000000,0.2560000000,0.610000,"Radial Velocity",2020
"HIP 38594 c",3477.76800000000,3.8050000000,0.610000,"Radial Velocity",2020
"HIP 4845 b",34.15000000000,0.1760000000,0.620000,"Radial Velocity",2020
"HIP 48714 b",17.81800000000,0.1120000000,0.580000,"Radial Velocity",2020
"K2-316 b",1.13300000000,0.0147000000,0.408000,"Transit",2020
"K2-316 c",5.26000000000,0.0582000000,0.408000,"Transit",2020
"K2-317 b",6.22000000000,0.0542000000,0.403000,"Transit",2020
"K2-318 b",7.01000000000,0.0911000000,0.561000,"Transit",2020
"K2-319 b",26.68000000000,0.1516000000,0.954000,"Transit",2020
"K2-320 b",1.99500000000,0.0142000000,0.117000,"Transit",2020
"K2-321 b",2.29797490000,0.0283900000,0.578000,"Transit",2020
"K2-322 b",8.20500000000,0.0594000000,0.630000,"Transit",2020
"K2-323 b",24.93000000000,0.1275000000,0.478000,"Transit",2020
"K2-324 b",3.26200000000,0.0331000000,0.517000,"Transit",2020
"K2-325 b",6.93000000000,0.0419000000,0.274000,"Transit",2020
"K2-326 b",1.25600000000,0.0198000000,0.507000,"Transit",2020
"WD 1856+534 b",1.40794050000,0.0204000000,0.518000,"Transit",2020
"LTT 9779 b",0.79205200000,0.0167900000,1.020000,"Transit",2020
"TOI-763 b",5.60570000000,0.0600000000,0.917000,"Transit",2020
"Kepler-77 b",3.57878087000,0.0450100000,0.950000,"Transit",2013
"TOI-763 c",12.27370000000,0.1011000000,0.917000,"Transit",2020
"HATS-71 b",3.79552020000,0.0374500000,0.486100,"Transit",2020
"TOI-824 b",1.39297800000,0.0217700000,0.710000,"Transit",2020
"TOI-540 b",1.23914910000,0.0122300000,0.159000,"Transit",2020
"TOI-1266 b",10.89450000000,0.0730000000,0.437000,"Transit",2020
"TOI-1266 c",18.80270000000,0.1050000000,0.437000,"Transit",2020
"TOI-421 b",5.19757600000,0.0554000000,0.833000,"Transit",2020
"TOI-421 c",16.06754100000,0.1170000000,0.833000,"Transit",2020
"NGTS-12 b",7.53280600000,0.0757000000,1.021000,"Transit",2020
"GJ 3473 b",1.19800350000,0.0158900000,0.360000,"Transit",2020
"GJ 3473 c",15.50900000000,0.0876000000,0.360000,"Radial Velocity",2020
"TOI-837 b",8.32491130000,0.0888000000,1.142000,"Transit",2020
"EPIC 201170410.02",6.79870000000,0.0349000000,0.287000,"Transit",2020
"EPIC 201757695.02",2.04780000000,0.0296000000,0.727000,"Transit",2020
"TOI-954 b",3.68497290000,0.0496300000,1.201000,"Transit",2020
"K2-329 b",12.45512250000,0.1016000000,0.901000,"Transit",2020
"TOI-481 b",10.33111000000,0.0970000000,1.140000,"Transit",2020
"TOI-892 b",10.62656000000,0.0920000000,1.280000,"Transit",2020
"TIC 237913194 b",15.16886500000,0.1207000000,1.026000,"Transit",2020
"HD 216520 b",35.45000000000,0.1980000000,0.820000,"Radial Velocity",2020
"HD 216520 c",154.43000000000,0.5280000000,0.820000,"Radial Velocity",2020
"TOI-122 b",5.07803000000,0.0392000000,0.312000,"Transit",2020
"TOI-237 b",5.43609800000,0.0341000000,0.179000,"Transit",2020
"WASP-186 b",5.02679900000,0.0600000000,1.220000,"Transit",2020
"WASP-187 b",5.14787800000,0.0653000000,1.540000,"Transit",2020
"K2-111 c",15.67480000000,0.1156500000,0.840000,"Radial Velocity",2020
"LP 714-47 b",4.05203700000,0.0417000000,0.590000,"Transit",2020
"TOI-942 b",4.32421000000,0.0486600000,0.822000,"Transit",2020
"TOI-942 c",10.15627200000,0.0859800000,0.822000,"Transit",2020
"TOI-251 b",4.93777000000,0.0574100000,1.036000,"Transit",2021
"HAT-P-68 b",2.29840551000,0.0299600000,0.678500,"Transit",2020
"TOI-776 b",8.24662000000,0.0653000000,0.542000,"Transit",2020
"TOI-776 c",15.66532300000,0.1001000000,0.542000,"Transit",2020
"TOI-561 b",0.44656970000,0.0106400000,0.806000,"Transit",2020
"TOI-561 c",10.77883800000,0.0889000000,0.806000,"Transit",2020
"TOI-561 d",25.71268000000,0.1587000000,0.806000,"Transit",2020
"TOI-561 e",77.14400000000,0.3300000000,0.806000,"Transit",2020
"HD 108236 b",3.79596300000,0.0452700000,0.869000,"Transit",2020
"HD 108236 c",6.20344900000,0.0620000000,0.869000,"Transit",2020
"TOI-1233.01",14.17568500000,0.1074000000,0.869000,"Transit",2021
"HD 108236 e",19.59002500000,0.1367000000,0.869000,"Transit",2020
"TOI-564 b",1.65114400000,0.0273400000,0.998000,"Transit",2020
"TOI-905 b",3.73949400000,0.0466600000,0.968000,"Transit",2020
"TOI-451 b",1.85870330000,0.0274000000,0.930000,"Transit",2020
"TOI-451 c",9.19246300000,0.0795000000,0.930000,"Transit",2020
"TOI-451 d",16.36496200000,0.1168000000,0.930000,"Transit",2020
"HD 108236 f",29.54115000000,0.1758000000,0.869000,"Transit",2021
"NGTS-13 b",4.11902700000,0.0549000000,1.300000,"Transit",2021
"HD 110113 b",2.54100000000,0.0350000000,0.997000,"Transit",2021
"Kepler-295 b",12.64516400000,0.0990000000,,"Transit",2014
"HD 110113 c",6.74400000000,0.0680000000,0.997000,"Radial Velocity",2021
"HD 4760 b",434.00000000000,1.1400000000,1.050000,"Radial Velocity",2021
"HD 96992 b",514.00000000000,1.2400000000,0.960000,"Radial Velocity",2021
"TYC 0434-04538-1 b",193.20000000000,0.6600000000,1.040000,"Radial Velocity",2021
"HD 183579 b",17.47129100000,0.1322000000,0.996000,"Transit",2021
"NGTS-14 A b",3.53571730000,0.0403000000,0.898000,"Transit",2021
"HD 110082 b",10.18271000000,0.1130000000,1.210000,"Transit",2021
"K2-138 g",41.96797000000,0.2310900000,0.935000,"Transit",2021
"TOI-628 b",3.40956750000,0.0486000000,1.311000,"Transit",2021
"TOI-1333 b",4.72021900000,0.0626000000,1.464000,"Transit",2021
"TOI-1478 b",10.18021170000,0.0818000000,,"Transit",2021
"TOI-1601 b",5.33175000000,0.0690000000,1.505500,"Transit",2021
"GJ 251 b",14.23700000000,0.0808000000,0.350000,"Radial Velocity",2020
"HD 238090 b",13.67100000000,0.0932000000,0.578000,"Radial Velocity",2020
"GJ 486 b",1.46712127000,0.0171400000,0.312000,"Radial Velocity",2021
"GJ 414 A b",50.80000000000,0.2324000000,0.650000,"Radial Velocity",2021
"GJ 414 A c",749.83000000000,1.4000000000,0.650000,"Radial Velocity",2021
"GJ 740 b",2.37756000000,0.0290000000,0.580000,"Radial Velocity",2021
"TOI-201 b",52.97860000000,0.3030000000,1.320000,"Transit",2021
"HD 60292 b",495.40000000000,1.5000000000,1.700000,"Radial Velocity",2020
"HD 112640 b",613.20000000000,1.7000000000,1.800000,"Radial Velocity",2020
"TOI-519 b",1.26523280000,0.0159000000,0.335000,"Transit",2021
"NGTS-15 b",3.27623000000,0.0441000000,0.995000,"Transit",2021
"NGTS-16 b",4.84532000000,0.0523000000,1.002000,"Transit",2021
"NGTS-17 b",3.24253000000,0.0391000000,1.025000,"Transit",2021
"NGTS-18 b",3.05125000000,0.0448000000,1.003000,"Transit",2021
"LHS 1478 b",1.94953780000,0.0184800000,0.236000,"Transit",2021
"TOI-257 b",18.38818000000,0.1528000000,1.407000,"Transit",2021
"HD 5278 b",14.33915600000,0.1202000000,1.126000,"Transit",2021
"HD 5278 c",40.87000000000,0.2416000000,1.126000,"Radial Velocity",2021
"HIP 56640 b",2675.57603000000,4.5500000000,1.750000,"Radial Velocity",2021
"HIP 75092 b",926.40000000000,2.0200000000,1.280000,"Radial Velocity",2021
"HIP 90988 b",455.73816000000,1.3600000000,1.613000,"Radial Velocity",2021
"HIP 114933 b",1481.60000000000,2.8400000000,1.390000,"Radial Velocity",2021
"TOI-269 b",3.69771040000,0.0345000000,0.391700,"Transit",2021
"CFHTWIR-Oph 98 b",8040000.00000000000,200.0000000000,0.014700,"Imaging",2020
"TOI-220 b",10.69526400000,0.0891100000,0.825000,"Transit",2021
"TOI-1444 b",0.47027430000,0.0116000000,0.951300,"Transit",2021
"TOI-1231 b",24.24558600000,0.1288000000,0.485000,"Transit",2021
"BD+45 564 b",307.88000000000,0.8300000000,0.810000,"Radial Velocity",2021
"BD+55 362 b",265.59000000000,0.7800000000,0.909000,"Radial Velocity",2021
"BD+63 1405 b",1198.48000000000,2.0600000000,0.816000,"Radial Velocity",2021
"HD 124330 b",270.66000000000,0.8600000000,1.150000,"Radial Velocity",2021
"HD 155193 b",352.65000000000,1.0400000000,1.221000,"Radial Velocity",2021
"HD 331093 b",621.62000000000,1.4400000000,1.030000,"Radial Velocity",2021
"HD 152843 b",11.62071000000,0.1049000000,1.150000,"Transit",2021
"HD 152843 c",19.50210400000,0.1482000000,1.150000,"Transit",2021
"HD 107148 c",18.32670000000,0.1407000000,1.105215,"Radial Velocity",2021
"HD 136925 b",4540.00000000000,5.1300000000,0.875104,"Radial Velocity",2021
"HD 141004 b",15.50830000000,0.1238000000,1.051904,"Radial Velocity",2021
"HD 156668 c",811.30000000000,1.5700000000,0.785167,"Radial Velocity",2021
"HD 164922 e",41.76300000000,0.2292000000,0.921146,"Radial Velocity",2021
"HD 168009 b",15.14790000000,0.1192000000,0.986073,"Radial Velocity",2021
"HD 213472 b",17000.00000000000,13.0000000000,1.048132,"Radial Velocity",2021
"HD 24040 c",515.40000000000,1.3000000000,1.103940,"Radial Velocity",2021
"HD 26161 b",10942.29013000000,10.0870000000,1.120000,"Radial Velocity",2021
"HD 3765 b",1211.00000000000,2.1080000000,0.851785,"Radial Velocity",2021
"HD 66428 c",10478.84437000000,9.4080000000,1.010000,"Radial Velocity",2021
"HD 68988 c",16000.00000000000,13.2000000000,1.171665,"Radial Velocity",2021
"HD 95735 c",2946.00000000000,2.9400000000,0.389900,"Radial Velocity",2021
"Kepler-129 d",2646.00000000000,4.0000000000,1.178000,"Radial Velocity",2021
"GJ 849 c",5990.00000000000,4.9500000000,0.450000,"Radial Velocity",2014
"TOI-674 b",1.97714300000,0.0250000000,0.420000,"Transit",2021
"TOI-1685 b",0.66913923000,0.0116400000,0.466000,"Transit",2021
"TOI-1260 b",3.12746300000,0.0367000000,0.679000,"Transit",2021
"TOI-1260 c",7.49313400000,0.0657000000,0.679000,"Transit",2021
"TOI-1634 b",0.98934551000,0.0154400000,0.502000,"Transit",2021
"GJ 720 A b",19.46600000000,0.1190000000,0.570000,"Radial Velocity",2021
"G 264-012 b",2.30538000000,0.0227900000,0.297000,"Radial Velocity",2021
"G 264-012 c",8.05180000000,0.0525000000,0.297000,"Radial Velocity",2021
"GJ 393 b",7.02679000000,0.0540200000,0.426000,"Radial Velocity",2021
"TOI-1259 A b",3.47797920000,0.0408000000,0.746000,"Transit",2021
"TOI-1807 b",0.54937097000,0.0122000000,0.804800,"Transit",2021
"TOI-2076 b",10.35504000000,0.0878100000,0.849000,"Transit",2021
"TOI-2076 c",21.01447000000,0.1407000000,0.849000,"Transit",2021
"TOI-2076 d",35.12803000000,0.1982000000,0.849000,"Transit",2021
"HAT-P-58 b",4.01383790000,0.0499400000,1.031000,"Transit",2021
"HAT-P-59 b",4.14197710000,0.0506400000,1.008000,"Transit",2021
"HAT-P-60 b",4.79478130000,0.0627700000,1.435000,"Transit",2021
"HAT-P-61 b",1.90231289000,0.0301000000,1.004000,"Transit",2021
"HAT-P-62 b",2.64532350000,0.0377200000,1.023000,"Transit",2021
"HAT-P-63 b",3.37772800000,0.0429400000,0.925000,"Transit",2021
"HAT-P-64 b",4.00723200000,0.0538700000,1.298000,"Transit",2021
"TOI-1749 b",2.38839000000,0.0291000000,0.580000,"Transit",2021
"TOI-1749 c",4.49290000000,0.0443000000,0.580000,"Transit",2021
"TOI-1749 d",9.04970000000,0.0707000000,0.580000,"Transit",2021
"HD 27969 b",654.50000000000,1.5520000000,1.160000,"Radial Velocity",2021
"HD 80869 b",1752.92067000000,2.9050000000,1.060000,"Radial Velocity",2021
"HD 95544 b",2041.54152000000,3.1660000000,1.010000,"Radial Velocity",2021
"HD 109286 b",520.10000000000,1.2590000000,0.980000,"Radial Velocity",2021
"HD 115954 b",3700.00000000000,5.0000000000,1.180000,"Radial Velocity",2021
"HD 211403 b",223.80000000000,0.7680000000,1.200000,"Radial Velocity",2021
"TOI-1062 b",4.11296000000,0.0520000000,0.940000,"Transit",2021
"TOI-1062 c",7.97200000000,0.0800000000,0.940000,"Radial Velocity",2021
"TOI-1278 b",14.47567000000,0.0950000000,0.540000,"Transit",2021
"AU Mic c",18.85902300000,0.1190000000,0.635000,"Transit",2021
"TOI-2406 b",3.07668910000,0.0226700000,0.166000,"Transit",2021
"TOI-532 b",2.32665080000,0.0296000000,0.639000,"Transit",2021
"TOI-431 b",0.49004700000,0.0113000000,0.780000,"Transit",2021
"TOI-431 c",4.84940000000,0.0520000000,0.780000,"Radial Velocity",2021
"TOI-431 d",12.46103000000,0.0980000000,0.780000,"Transit",2021
"TOI-2202 c",24.67440000000,0.1554400000,0.823000,"Transit Timing Variations",2021
"L 98-59 e",12.82780000000,0.0712000000,0.292300,"Radial Velocity",2021
"TOI-1518 b",1.90261131000,0.0371200000,1.880000,"Transit",2021
"TIC 172900988 b",200.45200000000,0.9028100000,1.238400,"Transit",2021
"K2-355 b",5.73856470000,0.0632000000,0.960000,"Transit",2021
"K2-356 b",21.02673660000,0.1599000000,0.900000,"Transit",2021
"K2-357 b",16.34886370000,0.1450000000,0.980000,"Transit",2021
"K2-358 b",11.25102850000,0.0863000000,0.930000,"Transit",2021
"HD 22496 b",5.09071000000,0.0510000000,0.684000,"Radial Velocity",2021
"TOI-1201 b",2.49198630000,0.0287000000,0.512000,"Transit",2021
"GPX-1 b",1.74457900000,0.0338000000,1.680000,"Transit",2021
"TOI-558 b",14.57407100000,0.1291000000,1.349000,"Transit",2021
"TOI-559 b",6.98390950000,0.0723000000,1.026000,"Transit",2021
"TIC 257060897 b",3.66003639000,0.0492200000,1.187000,"Transit",2021
"TOI-1431 b",2.65023700000,0.0460000000,1.900000,"Transit",2021
"TOI-530 b",6.38759700000,0.0520000000,0.530000,"Transit",2021
"TOI-1789 b",3.20866400000,0.0488200000,1.507000,"Transit",2021
"TOI-1296 b",3.94437360000,0.0510000000,1.157600,"Transit",2021
"TOI-1298 b",4.53714300000,0.0570000000,1.218700,"Transit",2021
"HD 63935 b",9.05880700000,0.0830000000,0.940600,"Transit",2021
"HD 63935 c",21.40270000000,0.1480000000,0.940600,"Radial Velocity",2021
"TOI-3362 b",18.09547000000,0.1530000000,1.445000,"Transit",2021
"HD 25723 b",457.01000000000,1.4900000000,2.120000,"Radial Velocity",2020
"17 Sco b",578.38000000000,1.4500000000,1.220000,"Radial Velocity",2020
"GJ 9689 b",18.27000000000,0.1139000000,0.590000,"Radial Velocity",2020
"CD Cet b",2.29070000000,0.0185000000,0.161000,"Radial Velocity",2020
"LHS 1678 b",0.86023250000,0.0123900000,0.345000,"Transit",2021
"LHS 1678 c",3.69428400000,0.0327000000,0.345000,"Transit",2021
"HD 39194 b",5.63692000000,0.0589500000,0.860000,"Radial Velocity",2021
"HD 39194 c",14.03090000000,0.1083000000,0.860000,"Radial Velocity",2021
"HD 39194 d",33.87400000000,0.1949000000,0.860000,"Radial Velocity",2021
"Kepler-294 c",6.62640000000,0.0710000000,,"Transit",2014
"HD 93385 b",7.34260000000,0.0756000000,1.040000,"Radial Velocity",2021
"HD 93385 c",13.18000000000,0.1120000000,1.040000,"Radial Velocity",2021
"HD 93385 d",45.85000000000,0.2565000000,1.040000,"Radial Velocity",2021
"HD 96700 b",8.12450000000,0.0777000000,0.890000,"Radial Velocity",2021
"HD 96700 c",19.88000000000,0.1410000000,0.890000,"Radial Velocity",2021
"HD 96700 d",103.50000000000,0.4240000000,0.890000,"Radial Velocity",2021
"HD 154088 b",18.56000000000,0.1340000000,0.910000,"Radial Velocity",2021
"HD 189567 b",14.28800000000,0.1110000000,0.830000,"Radial Velocity",2021
"HD 189567 c",33.68800000000,0.1970000000,0.830000,"Radial Velocity",2021
"HIP 97166 b",10.28891400000,0.0910000000,0.934200,"Transit",2021
"HIP 97166 c",16.43200000000,0.1240000000,0.934200,"Radial Velocity",2021
"TOI-2257 b",35.18934600000,0.1450000000,0.328000,"Transit",2021
"HD 29399 b",892.70000000000,1.9130000000,1.170000,"Radial Velocity",2022
"HD 207897 b",16.20166000000,0.1170000000,0.820800,"Transit",2021
"HD 137496 b",1.62116000000,0.0273200000,1.040000,"Transit",2021
"HD 137496 c",479.90000000000,1.2163000000,1.040000,"Radial Velocity",2021
"Kepler-1990 b",1.73513619000,0.0286000000,1.028000,"Transit",2023
"K2-370 b",2.14080930000,0.0321000000,0.962000,"Transit",2022
"TOI-2109 b",0.67247414000,0.0179100000,1.453000,"Transit",2021
"TOI-1842 b",9.57391810000,0.1000000000,1.464300,"Transit",2021
"HATS-74 A b",1.73185606000,0.0238400000,0.601000,"Transit",2021
"HATS-75 b",2.78865560000,0.0327420000,0.601700,"Transit",2021
"HATS-76 b",1.94164230000,0.0265800000,0.662000,"Transit",2021
"HATS-77 b",3.08762620000,0.0360700000,0.655000,"Transit",2021
"Kepler-1708 b",737.11310000000,1.6400000000,1.088000,"Transit",2021
"Kepler-288 c",19.30577200000,0.1400000000,,"Transit",2014
"HD 360 b",273.10000000000,0.9800000000,1.690000,"Radial Velocity",2021
"HD 10975 b",283.80000000000,0.9500000000,1.410000,"Radial Velocity",2021
"HD 79181 b",273.10000000000,0.9000000000,1.280000,"Radial Velocity",2021
"HD 99283 b",310.40000000000,1.0800000000,1.760000,"Radial Velocity",2021
"ups Leo b",385.20000000000,1.1800000000,1.480000,"Radial Velocity",2021
"HD 161178 b",279.30000000000,0.8500000000,1.060000,"Radial Velocity",2021
"HD 219139 b",275.50000000000,0.9400000000,1.460000,"Radial Velocity",2021
"gam Psc b",555.10000000000,1.3200000000,0.990000,"Radial Velocity",2021
"HIP 5763 b",30.01400000000,0.1700000000,0.720000,"Radial Velocity",2021
"HIP 34222 b",159.98600000000,0.4920000000,0.620000,"Radial Velocity",2021
"HIP 86221 b",2.22400000000,0.0310000000,0.790000,"Radial Velocity",2021
"TOI-2180 b",260.79000000000,0.8280000000,1.111000,"Transit",2022
"LTT 1445 A c",3.12390350000,0.0266100000,0.257000,"Transit",2022
"b Cen AB b",1790000.00000000000,556.0000000000,5.500000,"Imaging",2021
"TOI-1064 b",6.44386800000,0.0615200000,0.748000,"Transit",2022
"TOI-1064 c",12.22657400000,0.0942900000,0.748000,"Transit",2022
"HD 22532 b",872.60000000000,1.9000000000,1.570000,"Radial Velocity",2022
"HD 64121 b",623.00000000000,1.5100000000,1.640000,"Radial Velocity",2022
"HD 69123 b",1193.30000000000,2.4820000000,1.680000,"Radial Velocity",2022
"TOI-1268 b",8.15770940000,0.0711000000,0.960000,"Transit",2022
"TOI-206 b",0.73631040000,0.0112000000,0.350000,"Transit",2022
"TOI-500 b",0.54817700000,0.0118900000,0.740000,"Transit",2022
"TOI-544 b",1.54835200000,0.0225000000,0.631000,"Transit",2022
"TOI-833 b",1.04187770000,0.0171000000,0.610000,"Transit",2022
"TOI-1075 b",0.60473280000,0.0115900000,0.604000,"Transit",2022
"TOI-1411 b",1.45205270000,0.0212200000,0.604500,"Transit",2022
"TOI-1442 b",0.40906770000,0.0071000000,0.290000,"Transit",2022
"TOI-1693 b",1.76669570000,0.0226000000,0.490000,"Transit",2022
"TOI-1860 b",1.06621070000,0.0204000000,0.990000,"Transit",2022
"TOI-2260 b",0.35247280000,0.0097000000,0.990000,"Transit",2022
"TOI-2411 b",0.78269420000,0.0144000000,0.650000,"Transit",2022
"TOI-2427 b",1.30600110000,0.0202000000,0.640000,"Transit",2022
"TOI-2445 b",0.37112810000,0.0064000000,0.250000,"Transit",2022
"GJ 3929 b",2.61623500000,0.0252000000,0.313000,"Transit",2022
"TOI-1759 b",18.85019000000,0.1177000000,0.606000,"Transit",2022
"WASP-189 b",2.72403300000,0.0505300000,2.030000,"Transit",2020
"HD 73583 b",6.39804200000,0.0604000000,0.730000,"Transit",2022
"HD 73583 c",18.87974000000,0.1242000000,0.730000,"Transit",2022
"TOI-1670 b",10.98462000000,0.1030000000,1.210000,"Transit",2022
"TOI-1670 c",40.74976000000,0.2490000000,1.210000,"Transit",2022
"HD 191939 e",101.12000000000,0.4070000000,0.810000,"Radial Velocity",2022
"HD 191939 f",2898.00000000000,3.7100000000,0.810000,"Radial Velocity",2022
"TOI-1227 b",27.36397000000,0.0886000000,0.170000,"Transit",2022
"TOI-620 b",5.09881790000,0.0482500000,0.577000,"Transit",2022
"GJ 514 b",140.43000000000,0.4220000000,0.510000,"Radial Velocity",2022
"TYC 2187-512-1 b",691.90000000000,1.2200000000,0.498000,"Radial Velocity",2022
"iot Dra c",25000.00000000000,19.4000000000,1.540000,"Radial Velocity",2021
"TOI-1246 b",4.30744000000,0.0490000000,0.870000,"Transit",2022
"TOI-1246 c",5.90413700000,0.0610000000,0.888900,"Transit",2022
"TOI-1246 d",18.65487400000,0.1320000000,0.888900,"Transit",2022
"TOI-1246 e",37.92548000000,0.2120000000,0.888900,"Transit",2022
"TOI-1696 b",2.50031100000,0.0229000000,0.255000,"Transit",2022
"TOI-2136 b",7.85192800000,0.0570000000,0.340000,"Transit",2022
"HIP 94235 b",7.71305700000,0.0787000000,1.094000,"Transit",2022
"TOI-1710 b",24.28336000000,0.1630000000,,"Transit",2022
"HD 103891 b",1919.00000000000,3.2700000000,1.280000,"Radial Velocity",2022
"HD 105779 b",2412.00000000000,3.3800000000,0.890000,"Radial Velocity",2022
"WASP-132 c",1.01153624000,0.0183300000,0.789000,"Transit",2022
"Kepler-1656 c",1919.00000000000,3.0530000000,1.030000,"Radial Velocity",2022
"Gaia-1 b",3.05252400000,0.0404700000,0.949000,"Transit",2022
"Gaia-2 b",3.69152240000,0.0467000000,1.000000,"Transit",2022
"TOI-1107 b",4.07823870000,0.0561000000,1.350000,"Transit",2022
"Ross 508 b",10.77000000000,0.0536600000,0.177400,"Radial Velocity",2022
"HD 83443 c",8241.00000000000,8.0000000000,1.000000,"Radial Velocity",2022
"HD 260655 b",2.76953000000,0.0293300000,0.439000,"Transit",2022
"HD 260655 c",5.70588000000,0.0474900000,0.439000,"Transit",2022
"HD 33142 d",89.90000000000,0.4520000000,1.520000,"Radial Velocity",2022
"HD 19615 b",402.00000000000,1.1000000000,1.100000,"Radial Velocity",2022
"HD 150010 b",562.00000000000,1.4000000000,1.300000,"Radial Velocity",2022
"HD 174205 b",582.00000000000,1.7000000000,1.800000,"Radial Velocity",2022
"TOI-3714 b",2.15484900000,0.0270000000,0.530000,"Transit",2022
"TOI-3629 b",3.93655100000,0.0430000000,0.630000,"Transit",2022
"TOI-4479 b",1.15890000000,0.0164000000,0.452000,"Transit",2022
"TOI-2081 b",10.50534000000,0.0752000000,0.540000,"Transit",2022
"TOI-1272 b",3.31597650000,0.0410000000,0.828000,"Transit",2022
"KOI-984 c",21.51200000000,0.1467000000,0.928000,"Transit Timing Variations",2022
"TOI-5153 b",20.33003000000,0.1580000000,1.240000,"Transit",2022
"NGTS-20 b",54.18915000000,0.3130000000,1.470000,"Transit",2022
"HIP 21152 b",22000.00000000000,17.0000000000,1.400000,"Imaging",2022
"TOI-1422 b",12.99894000000,0.1070000000,,"Transit",2022
"GJ 3512 c",2354.00000000000,1.7310000000,0.123000,"Radial Velocity",2020
"CoRoT-35 b",3.22748000000,0.0429000000,1.010000,"Transit",2022
"CoRoT-36 b",5.61653100000,0.0660000000,1.320000,"Transit",2022
"GJ 3929 c",15.04000000000,0.0810000000,0.313000,"Radial Velocity",2022
"HD 93963 A b",1.03761090000,0.0206100000,1.084400,"Transit",2022
"HD 93963 A c",3.64513890000,0.0472600000,1.084400,"Transit",2022
"TOI-128.01",4.94046810000,0.0538101900,0.851969,"Transit",2024
"Kepler-18 c",7.64159000000,0.0752000000,0.972000,"Transit",2011
"TOI-159 b",3.76283960000,0.0560000000,1.661000,"Transit",2026
"GJ 3090 b",2.85310198000,0.0316000000,0.519000,"Transit",2022
"HD 18599 b",4.13743540000,0.0480000000,0.863000,"Transit",2022
"TOI-181 b",4.53200000000,0.0539000000,0.822000,"Transit",2023
"TOI-199 b",104.85400000000,0.4254000000,0.936000,"Transit",2023
"TOI-238 b",1.27309900000,0.0212000000,0.781000,"Transit",2024
"TOI-244 b",7.39722500000,0.0559000000,0.428000,"Transit",2023
"TOI-261.01",3.36392540000,0.0347921890,0.496728,"Transit",2021
"TOI-262 b",11.14529000000,0.1630000000,0.913000,"Transit",2023
"HIP 8152 b",10.75101400000,0.0930000000,0.937300,"Transit",2023
"Kepler-287 c",44.85189600000,0.2460000000,,"Transit",2014
"HIP 8152 c",19.60562000000,0.1390000000,0.937300,"Transit",2023
"TOI-277 b",3.99400000000,0.0269000000,0.160000,"Transit",2022
"Kepler-286 b",1.79630200000,0.0270000000,,"Transit",2014
"TOI-283 b",17.61745000000,0.1230000000,0.800000,"Transit",2025
"TOI-286 b",4.51172440000,0.0503000000,0.832000,"Transit",2024
"TOI-286 c",39.36182600000,0.2130000000,0.832000,"Transit",2024
"Kepler-69 b",13.72234100000,0.0940000000,0.810000,"Transit",2013
"Kepler-285 b",2.63386700000,0.0360000000,,"Transit",2014
"TOI-329 b",5.70439000000,0.0638000000,1.067800,"Transit",2024
"TOI-332 b",0.77703800000,0.0159000000,0.880000,"Transit",2023
"Kepler-284 b",12.69914900000,0.1040000000,,"Transit",2014
"TOI-333 b",3.78525030000,0.0490000000,1.200000,"Transit",2025
"Kepler-432 b",52.50112900000,0.3010000000,1.320000,"Transit",2015
"Kepler-283 b",11.00815100000,0.0820000000,,"Transit",2014
"TOI-375 b",9.45469000000,0.0990000000,1.441000,"Transit",2026
"TOI-406.01",13.17568200000,0.0809000000,0.408000,"Transit",2024
"TOI-406 c",3.30744100000,0.0322000000,0.408000,"Transit",2024
"TOI-411 c",9.57308300000,0.1017000000,1.098000,"Transit",2022
"TOI-411 b",4.04029500000,0.0572700000,1.098000,"Transit",2022
"TOI-444 b",17.96360000000,0.1330000000,0.960000,"Transit",2023
"HD 15906 b",10.92470900000,0.0900000000,0.790000,"Transit",2023
"TOI-469.01",13.63082050000,0.1110000000,0.901000,"Transit",2021
"TOI-470 b",12.19148000000,0.1190000000,0.870000,"Transit",2023
"TOI-480 b",6.86619600000,0.0770000000,1.279300,"Transit",2024
"TOI-521 b",1.54285047000,0.0195000000,0.420000,"Transit",2025
"HD 25463 b",7.04914230000,0.0760000000,1.251000,"Transit",2023
"HD 25463 c",3.04405000000,0.0443000000,1.251000,"Transit",2023
"TOI-615 b",4.66159830000,0.0678000000,1.449000,"Transit",2023
"TOI-622 b",6.40251300000,0.0708000000,1.313000,"Transit",2023
"TOI-654.01",1.52756100000,0.0194400000,0.419000,"Transit",2024
"TOI-663 b",2.59890200000,0.0295000000,0.514000,"Transit",2024
"Kepler-1991 c",22.79020351000,0.1528000000,0.914000,"Transit",2023
"TOI-663 c",4.69555070000,0.0437000000,0.514000,"Transit",2024
"TOI-663 d",7.10272680000,0.0576000000,0.514000,"Transit",2024
"TOI-669 b",3.94515200000,0.0480000000,0.924500,"Transit",2023
"TOI-672 b",3.63358100000,0.0376000000,0.540000,"Transit",2023
"Kepler-410 A b",17.83364800000,0.1226000000,1.214000,"Transit",2013
"Kepler-421 b",704.19840000000,1.2190000000,0.794000,"Transit",2014
"TOI-700 e",27.80978000000,0.1340000000,0.415000,"Transit",2023
"TOI-707 b",52.79918000000,0.2750000000,0.990000,"Transit",2026
"TOI-712 b",9.53136100000,0.0792800000,0.732000,"Transit",2022
"TOI-712 c",51.69906000000,0.2447000000,0.732000,"Transit",2022
"TOI-712 d",84.83960000000,0.3405000000,0.732000,"Transit",2022
"TOI-715 b",19.28800400000,0.0830000000,0.225000,"Transit",2023
"TOI-733 b",4.88476500000,0.0618000000,0.956000,"Transit",2023
"TOI-756 b",1.23924950000,0.0180000000,0.505000,"Transit",2025
"TOI-757 b",17.46819000000,0.1220000000,0.800000,"Transit",2024
"TOI-762 A b",3.47168260000,0.0341800000,0.442000,"Transit",2024
"TOI-771 b",2.32601550000,0.0208000000,0.220000,"Transit",2024
"TOI-778 b",4.63361100000,0.0600000000,1.400000,"Transit",2023
"TOI-782 b",8.02400150000,0.0578000000,0.397000,"Transit",2024
"TOI-784 b",2.79703650000,0.0380000000,0.910000,"Transit",2023
"TOI-791 b",139.29931000000,0.6020000000,1.280000,"Transit",2026
"TOI-815 b",11.19725900000,0.0903000000,0.776000,"Transit",2024
"TOI-836.01",8.59545000000,0.0750000000,0.678000,"Transit",2021
"TOI-836 b",3.81673000000,0.0422000000,0.678000,"Transit",2023
"TOI-858 B b",3.27971780000,0.0443500000,1.081000,"Transit",2023
"Kepler-281 c",36.33737300000,0.2150000000,,"Transit",2014
"TOI-871 b",14.36256500000,0.1054000000,0.758000,"Transit",2024
"KOI-1257 b",86.64766100000,0.3820000000,0.990000,"Transit",2014
"TOI-880 c",6.38727030000,0.0635000000,0.870000,"Transit",2025
"TOI-880.02",2.57571000000,0.0349000000,0.870000,"Transit",2024
"Kepler-115 c",8.99088900000,0.0870000000,,"Transit",2014
"TOI-904 b",10.87720000000,0.0560000000,0.557000,"Transit",2023
"TOI-904 c",83.99970000000,0.3120000000,0.557000,"Transit",2023
"TOI-907.01",4.58491290000,0.0552254810,1.069357,"Transit",2024
"TOI-908 b",3.18379200000,0.0416570000,0.950000,"Transit",2023
"TOI-912 b",4.67806910000,0.0410000000,0.418000,"Transit",2025
"TOI-969 b",1.82373050000,0.0263600000,0.734000,"Transit",2022
"Kepler-56 c",21.40239000000,0.1652000000,1.320000,"Transit",2012
"Kepler-280 b",2.13954200000,0.0320000000,,"Transit",2014
"TOI-1052 b",9.13970300000,0.0910300000,1.204000,"Transit",2023
"TOI-1080 b",3.96524820000,0.0272000000,0.166700,"Transit",2026
"TOI-1117 b",2.22816000000,0.0330000000,0.970000,"Transit",2025
"TOI-1135 b",8.02773270000,0.0815000000,1.119000,"Transit",2024
"TOI-1136 d",12.51990000000,0.1062000000,1.022000,"Transit",2022
"TOI-1136 c",6.25740000000,0.0669000000,1.022000,"Transit",2022
"TOI-1136 f",26.32100000000,0.1740000000,1.022000,"Transit",2022
"TOI-1173 b",7.06466000000,0.0696000000,0.911000,"Transit",2024
"TOI-1174 b",8.95348768300,0.0799400000,0.850000,"Transit",2024
"TOI-1180 b",9.68676037800,0.0807990000,0.750000,"Transit",2024
"TOI-1184 b",5.74843380300,0.0560270000,0.710000,"Transit",2024
"TOI-1194 b",2.31064460000,0.0340000000,0.983500,"Transit",2023
"TOI-1199 b",3.67146300000,0.0498800000,1.230000,"Transit",2024
"TOI-1203.01",25.50267200000,0.1632000000,0.886000,"Transit",2021
"Kepler-44 b",3.24672930000,0.0446000000,1.120000,"Transit",2011
"TOI-1221 b",91.68278000000,0.3870000000,0.930000,"Transit",2023
"HD 56414 b",29.04992000000,0.2290000000,1.890000,"Transit",2022
"TOI-1232 b",14.25600000000,0.1170000000,1.058000,"Transit",2026
"TOI-1238 c",3.29473600000,0.0370000000,0.590000,"Transit",2022
"TOI-1238 b",0.76459700000,0.0139000000,0.590000,"Transit",2022
"TOI-1244 b",6.40031648300,0.0606940000,0.730000,"Transit",2024
"HD 135694 b",15.92347556800,0.1246950000,1.020000,"Transit",2023
"TOI-1248 b",4.36015610000,0.0510000000,0.904200,"Transit",2024
"TOI-1249 b",13.07915100000,0.1090000000,1.006200,"Transit",2024
"TOI-1269 b",4.25299130000,0.0496000000,0.902700,"Transit",2024
"TOI-1273 b",4.63129600000,0.0549000000,1.060000,"Transit",2024
"Kepler-278 b",30.15560000000,0.2020000000,1.227000,"Transit",2014
"TOI-1279 b",9.61419000000,0.0850000000,0.878400,"Transit",2024
"TOI-1288 b",2.69982790000,0.0374000000,0.955200,"Transit",2022
"TOI-1294 b",3.91529200000,0.0510000000,1.157800,"Transit",2024
"TOI-1295 b",3.19688380000,0.0470000000,1.380000,"Transit",2024
"TOI-1301.01",6.09640720900,0.0598660000,0.770000,"Transit",2024
"TOI-1386 b",25.84010000000,0.1730000000,1.036300,"Transit",2024
"TOI-1408 b",4.42587000000,0.0577800000,1.312000,"Transit",2023
"TOI-1410.01",1.21687000000,0.0207000000,0.794100,"Transit",2024
"TOI-1416 b",1.06975680000,0.0190000000,0.798000,"Transit",2023
"TOI-1420 b",6.95610630000,0.0710000000,0.987000,"Transit",2023
"HD 235088 b",7.43413250000,0.0706000000,0.849000,"Transit",2023
"TOI-1437 b",18.84094200000,0.1400000000,1.100000,"Transit",2024
"TOI-1438 b",5.13967000000,0.0553000000,0.876000,"Transit",2025
"TOI-1438 c",9.42808900000,0.0830000000,0.876000,"Transit",2025
"TOI-1439 b",27.64400000000,0.1920000000,1.231300,"Transit",2024
"TOI-1443 b",23.54067800000,0.1470000000,0.766300,"Transit",2024
"Kepler-41 b",1.85555820000,0.0310100000,1.150000,"Transit",2011
"TOI-1448 b",8.11224500000,0.0567000000,0.372000,"Transit",2024
"TOI-1451 b",16.53794400000,0.1270000000,1.002200,"Transit",2024
"TOI-1452 b",11.06201000000,0.0610000000,0.249000,"Transit",2022
"TOI-1467 b",5.97114713000,0.0507480000,0.489000,"Transit",2024
"TOI-1468 c",15.53247700000,0.0860800000,0.352700,"Transit",2022
"TOI-1468 b",1.88052010000,0.0210700000,0.352700,"Transit",2022
"TOI-1470 b",2.52709300000,0.0285000000,0.471000,"Transit",2023
"HIP 9618 b",20.77285800000,0.1450000000,0.942000,"Transit",2023
"HIP 9618 c",52.56363000000,0.2690000000,0.942000,"Transit",2023
"TOI-1472 b",6.36338574000,0.0640000000,0.870000,"Transit",2024
"HD 6061 b",5.25490000000,0.0600000000,1.026900,"Transit",2023
"Kepler-275 c",16.08813400000,0.1320000000,,"Transit",2014
"TOI-1533 b",3.64579740000,0.0445000000,0.880000,"Transit",2026
"TOI-1630.01",12.05573473300,0.1011510000,0.950000,"Transit",2024
"TOI-1648 b",7.33160200000,0.0694000000,0.830000,"Transit",2025
"TOI-1659.01",5.87755632800,0.0657570000,1.100000,"Transit",2024
"TOI-1669 c",2.68005350000,0.0376000000,0.986700,"Transit",2024
"TOI-1680 b",4.80263450000,0.0314400000,0.179800,"Transit",2023
"TOI-1683.01",3.05753560000,0.0365075930,0.694661,"Transit",2024
"TOI-1691 b",16.73688893500,0.1293650000,1.030000,"Transit",2024
"TOI-1694 b",3.77013890000,0.0445000000,0.828000,"Transit",2023
"TOI-1695 b",3.13427910000,0.0335480000,0.513000,"Transit",2022
"TOI-1716.01",8.08237655400,0.0804960000,1.070000,"Transit",2024
"TOI-1723 b",13.72701264300,0.1134960000,1.040000,"Transit",2024
"LHS 1903 c",6.22618500000,0.0538700000,0.538000,"Transit",2026
"LHS 1903 b",2.15550980000,0.0265600000,0.538000,"Transit",2026
"LHS 1903 d",12.56628700000,0.0860400000,0.538000,"Transit",2026
"TOI-1736 b",7.07307600000,0.0730000000,1.037300,"Transit",2023
"TOI-1739 b",8.30334140600,0.0738720000,0.780000,"Transit",2024
"TOI-1742 b",21.26908400000,0.1540000000,1.086100,"Transit",2024
"TOI-1743 b",4.26604600000,0.0358900000,0.339000,"Transit",2025
"TOI-1744.01",22.34170292700,0.1640860000,1.180000,"Transit",2024
"TOI-1751 b",37.46852000000,0.2150000000,0.938200,"Transit",2024
"TOI-1752 b",0.93518610000,0.0162400000,0.524000,"Transit",2026
"TOI-1752 c",32.71443000000,0.1614000000,0.524000,"Transit",2026
"TOI-1753 b",5.38461040000,0.0590000000,0.948300,"Transit",2024
"TOI-1758 b",20.70507468500,0.1414090000,0.880000,"Transit",2024
"TOI-1768.01",7.33770364900,0.0763810000,1.100000,"Transit",2024
"TOI-1772.01",8.05424687400,0.0783750000,0.990000,"Transit",2024
"TOI-1775 b",10.24055490000,0.0800000000,0.921800,"Transit",2024
"TOI-1776 b",2.79986800000,0.0378000000,0.919600,"Transit",2024
"TOI-1777.01",14.65011197400,0.1194660000,1.060000,"Transit",2024
"HD 77946 b",6.52736300000,0.0730000000,1.197300,"Transit",2024
"TOI-1782.01",4.98764102800,0.0502400000,0.680000,"Transit",2024
"TOI-1782.02",1.82902422700,0.0257390000,0.680000,"Transit",2024
"TOI-1794 b",8.76552800000,0.0820000000,0.969800,"Transit",2024
"TOI-1798.01",8.02152233100,0.0749840000,0.870000,"Transit",2024
"TOI-1798.02",0.43781182200,0.0107890000,0.870000,"Transit",2024
"TOI-1799 b",7.09457086500,0.0725020000,1.010000,"Transit",2024
"TOI-1803 c",12.88577900000,0.0970000000,0.756000,"Transit",2025
"TOI-1803 b",6.29328700000,0.0600000000,0.756000,"Transit",2025
"TOI-1806.01",15.14546930000,0.0877350440,0.392935,"Transit",2024
"TOI-1811 b",3.71307650000,0.0438900000,0.817000,"Transit",2023
"TOI-1820 b",4.86067400000,0.0610000000,1.040000,"Transit",2022
"TOI-1823 b",38.80000000000,0.2120000000,0.841400,"Transit",2024
"TOI-1824 b",22.80853300000,0.1510000000,0.880100,"Transit",2024
"TOI-1836 b",20.38079900000,0.1597000000,1.307000,"Transit",2024
"TOI-1836 c",1.77274710000,0.0308900000,1.251800,"Transit",2024
"TOI-1846 b",3.93067370000,0.0364600000,0.418000,"Transit",2025
"TOI-1853 b",1.24362580000,0.0213000000,0.837000,"Transit",2023
"TOI-1855 b",1.36414864000,0.0239800000,0.987000,"Transit",2024
"TOI-1859 b",63.48347000000,0.3370000000,1.287000,"Transit",2023
"TOI-1883 b",4.50800000000,0.0423000000,0.495000,"Transit",2024
"TOI-1898 b",45.52234000000,0.2690000000,1.248400,"Transit",2024
"TOI-1937 A b",0.94667944000,0.0193200000,1.072000,"Transit",2023
"TOI-1994 b",4.03371420000,0.0613000000,1.860000,"Transit",2024
"TOI-2000 c",9.12705500000,0.0878000000,1.082000,"Transit",2023
"TOI-2000 b",3.09833000000,0.0427100000,1.082000,"Transit",2023
"TOI-2005 b",17.30590400000,0.1600000000,1.590000,"Transit",2025
"TOI-2010 b",141.83402500000,0.5516000000,1.112000,"Transit",2023
"TOI-2015 b",3.34823700000,0.0293220000,0.304100,"Transit",2023
"TOI-2019 b",15.34440000000,0.1280000000,1.183200,"Transit",2024
"TOI-2025 b",8.87209820000,0.0892000000,1.199000,"Transit",2022
"TOI-2031 A b",5.71548654000,0.0660000000,1.174000,"Transit",2025
"KOI-217 b",3.90512000000,0.0477000000,0.950000,"Transit",2010
"TOI-2068 b",7.76891500000,0.0632000000,0.559000,"Transit",2024
"TOI-2084 b",6.07842470000,0.0500600000,0.453000,"Transit",2023
"TOI-2088 b",124.72997000000,0.4720000000,0.902700,"Transit",2024
"TOI-2093 c",53.81149000000,0.2570000000,0.745000,"Transit",2025
"TOI-2094 b",18.79319300000,0.1360000000,0.425000,"Transit",2026
"TOI-2095 b",17.66484000000,0.1010000000,0.440000,"Transit",2023
"TOI-2095 c",28.17232000000,0.1370000000,0.440000,"Transit",2023
"TOI-2096 b",3.11906330000,0.0250000000,0.231000,"Transit",2023
"TOI-2096 c",6.38784000000,0.0400000000,0.231000,"Transit",2023
"TOI-2107 b",2.45454670000,0.0351500000,0.961000,"Transit",2024
"TOI-2120 b",5.79981640000,0.0377000000,0.211000,"Transit",2024
"TOI-2128 b",16.34136000000,0.1270000000,1.025100,"Transit",2024
"TOI-2133 b",3.82664720000,0.0410000000,0.644000,"Transit",2026
"TOI-2134 b",9.22920050000,0.0780000000,0.744000,"Transit",2023
"TOI-2134 c",95.50000000000,0.3710000000,0.744000,"Transit",2023
"TOI-2141 b",18.26160800000,0.1322000000,0.896000,"Transit",2023
"Kepler-422 b",7.89144830000,0.0820000000,1.150000,"Transit",2014
"TOI-2145 b",10.26112800000,0.1117000000,1.710000,"Transit",2023
"TOI-2147 b",26.20518000000,0.1720000000,0.990000,"Transit",2026
"TOI-2152 A b",3.37735120000,0.0506400000,1.516000,"Transit",2023
"TOI-2154 b",3.82408010000,0.0513000000,1.233000,"Transit",2023
"TOI-2158 b",8.60077000000,0.0750000000,1.120000,"Transit",2022
"Kepler-293 b",19.25419600000,0.1440000000,,"Transit",2014
"TOI-2169 A b",8.21482820000,0.0896000000,1.420000,"Transit",2025
"Kepler-292 f",20.83423700000,0.1410000000,,"Transit",2014
"TOI-2193 A b",2.12257350000,0.0331900000,1.082000,"Transit",2022
"TOI-2196 b",1.19472680000,0.0223400000,1.032000,"Transit",2022
"TOI-2207 b",8.00196800000,0.0854000000,1.296000,"Transit",2022
"Kepler-291 b",3.54651100000,0.0470000000,,"Transit",2014
"TOI-2211.01",3.09268675700,0.0401100000,0.900000,"Transit",2024
"TOI-2236 b",3.53159020000,0.0500900000,1.343000,"Transit",2022
"Kepler-290 c",36.77031000000,0.2050000000,,"Transit",2014
"Kepler-423 b",2.68432850000,0.0358500000,0.850000,"Transit",2014
"Kepler-1987 d",5.64491415400,0.0571000000,0.799000,"Transit",2023
"TOI-2266 b",2.32631800000,0.0200000000,0.230000,"Transit",2024
"TOI-2267 c",3.49504120000,0.0263000000,0.171000,"Transit",2025
"TOI-2267 b",2.28909000000,0.0205000000,0.171000,"Transit",2025
"TOI-2274 b",2.67963000000,0.0500000000,0.612000,"Transit",2024
"TOI-2295 b",30.03330200000,0.1992000000,1.168000,"Transit",2024
"TOI-2322 c",20.22552800000,0.1362000000,0.703000,"Transit",2025
"TOI-2322 b",11.30717000000,0.0924000000,0.703000,"Transit",2025
"TOI-2328 b",17.10197000000,0.1270000000,0.950000,"Transit",2025
"TOI-2338 b",22.65398000000,0.1580000000,0.990000,"Transit",2023
"TOI-2345 b",1.05285730000,0.0170500000,0.727000,"Transit",2025
"TOI-2345 c",21.06430200000,0.1257000000,0.727000,"Transit",2025
"TOI-2346 b",3.33120290000,0.0473000000,1.271000,"Transit",2025
"TOI-2364 b",4.01975170000,0.0487100000,0.954000,"Transit",2023
"TOI-2368 b",5.17500730000,0.0564900000,0.897000,"Transit",2024
"TOI-2373 b",13.33668000000,0.1120000000,1.041000,"Transit",2023
"TOI-2374 b",4.31361930000,0.0481800000,0.802000,"Transit",2024
"TOI-2379 b",5.46938270000,0.0526300000,0.645000,"Transit",2024
"TOI-2382 b",4.66120610000,0.0590000000,1.260000,"Transit",2025
"TOI-2384 b",2.13570304000,0.0279300000,0.635000,"Transit",2024
"TOI-2407 b",2.70296900000,0.0330000000,0.548000,"Transit",2025
"TOI-2416 b",8.27547900000,0.0831000000,1.118000,"Transit",2023
"TOI-2420 b",5.84264100000,0.0684000000,1.158000,"Transit",2024
"TOI-2421 b",4.34740320000,0.0543000000,1.131000,"Transit",2022
"TOI-2431 b",0.22419578000,0.0063000000,0.661000,"Transit",2026
"TOI-2447 b",69.33684000000,0.3470000000,1.034000,"Transit",2024
"TOI-2449 b",106.14468000000,0.4500000000,1.079000,"Transit",2025
"TOI-2458 b",3.73659000000,0.0482000000,1.050000,"Transit",2024
"TOI-2485 b",11.23479000000,0.1093000000,1.163000,"Transit",2024
"TOI-2497 b",10.65566900000,0.1166000000,1.859000,"Transit",2023
"TOI-2498 b",3.73825200000,0.0491000000,1.120000,"Transit",2023
"TOI-2524 b",7.18585000000,0.0730000000,1.007000,"Transit",2023
"TOI-2525 b",23.28560000000,0.1511000000,0.849000,"Transit",2023
"TOI-2525 c",49.25190000000,0.2490000000,0.849000,"Transit",2023
"TOI-2529 b",64.59490000000,0.3270000000,1.110000,"Transit",2024
"TIC 52059926 b",175.53200000000,0.5530000000,0.730000,"Transit",2026
"TOI-2537 b",94.10220000000,0.3715000000,0.771000,"Transit",2024
"Kepler-43 b",3.02409490000,0.0460000000,1.320000,"Transit",2011
"TOI-2567 b",5.98394400000,0.0672000000,1.130000,"Transit",2022
"TOI-2570 b",2.98876150000,0.0414500000,1.063000,"Transit",2022
"TOI-2580 b",3.39775000000,0.0480000000,1.330000,"Transit",2024
"TOI-2583 A b",4.52072650000,0.0571000000,1.215000,"Transit",2023
"TOI-2587 A b",5.45664000000,0.0635000000,1.150000,"Transit",2023
"TOI-2589 b",61.62770000000,0.3000000000,0.930000,"Transit",2023
"Kepler-303 b",1.93705500000,0.0240000000,,"Transit",2014
"TOI-2641 b",4.88097400000,0.0607000000,1.160000,"Transit",2023
"TOI-2714 b",2.49938700000,0.0360000000,1.070000,"Transit",2024
"NGTS-31 b",4.16273400000,0.0640000000,0.960000,"Transit",2025
"TOI-2768 b",1.50801000000,0.0270000000,0.630000,"Transit",2024
"KOI-13 b",1.76358800000,0.0364100000,1.720000,"Transit",2011
"TOI-2796 b",4.80849830000,0.0569000000,1.063000,"Transit",2023
"TOI-2803 A b",1.96229325000,0.0318500000,1.118000,"Transit",2023
"TOI-2818 b",4.03970900000,0.0493000000,0.977000,"Transit",2023
"TOI-2842 b",3.55140580000,0.0475000000,1.135000,"Transit",2023
"TOI-2876 b",6.29964310000,0.0654000000,0.939000,"Transit",2025
"TOI-2886 b",1.60200105000,0.0287100000,1.229000,"Transit",2025
"Kepler-302 c",127.28218400000,0.5030000000,,"Transit",2014
"TOI-2969 b",1.82371460000,0.0261000000,0.710000,"Transit",2025
"Kepler-102 e",16.14569940000,0.1162000000,0.803000,"Transit",2013
"TOI-2977 b",2.35056140000,0.0338600000,0.936000,"Transit",2023
"TOI-2981 b",3.60150100000,0.0480000000,1.030000,"Transit",2024
"TOI-2986 b",3.27836620000,0.0448900000,1.122000,"Transit",2025
"TOI-2989 b",3.12283200000,0.0384000000,0.770000,"Transit",2025
"TOI-2992 b",3.00781200000,0.0434000000,1.210000,"Transit",2025
"TOI-3023 b",3.90149710000,0.0505000000,1.120000,"Transit",2023
"Kepler-419 b",69.75460000000,0.3700000000,1.390000,"Transit",2014
"TOI-3071 b",1.26693800000,0.0249000000,1.290000,"Transit",2024
"TOI-3135 b",3.70655850000,0.0475600000,1.044000,"Transit",2025
"TOI-3160 A b",3.97128100000,0.0505000000,1.088000,"Transit",2025
"NGTS-27 b",3.37041810000,0.0446000000,1.070000,"Transit",2024
"TOI-3235 b",2.59261842000,0.0270900000,0.393900,"Transit",2023
"TOI-3261 b",0.88313310000,0.0171400000,0.861000,"Transit",2024
"Kepler-125 b",4.16438900000,0.0410000000,,"Transit",2014
"TOI-3288 b",1.43386470000,0.0228500000,0.643000,"Transit",2025
"TOI-3321 b",3.65251450000,0.0470000000,1.041000,"Transit",2024
"TOI-3331 A b",2.01802310000,0.0314400000,1.016000,"Transit",2022
"TOI-3353.01",4.66579650000,0.0601182180,1.332089,"Transit",2024
"TOI-3364 b",5.87689180000,0.0675000000,1.186000,"Transit",2023
"TOI-3457 b",32.60026800000,0.2001000000,1.040000,"Transit",2026
"TOI-3464 b",3.65155680000,0.0515000000,1.363000,"Transit",2025
"TOI-3474 b",3.87951050000,0.0502000000,1.121000,"Transit",2025
"TOI-3486 b",2.21778105000,0.0313800000,0.837000,"Transit",2025
"TOI-3523 A b",2.30458952000,0.0355900000,1.131000,"Transit",2025
"Kepler-304 b",3.29570900000,0.0390000000,,"Transit",2014
"TOI-3540 A b",3.11999900000,0.0428900000,1.081000,"Transit",2022
"TOI-3568 b",4.41796500000,0.0485000000,0.780000,"Transit",2024
"TOI-3593 b",3.82128670000,0.0481000000,1.015000,"Transit",2025
"Kepler-306 c",7.24019300000,0.0670000000,,"Transit",2014
"TOI-3664 b",3.29748390000,0.0431000000,0.980000,"Transit",2026
"TOI-3682 b",3.34624060000,0.0480000000,1.320000,"Transit",2025
"Kepler-17 b",1.48571080000,0.0259100000,1.040000,"Transit",2011
"TOI-3688 A b",3.24607500000,0.0456000000,1.199000,"Transit",2023
"TOI-3693 b",9.08851600000,0.0813000000,0.867000,"Transit",2022
"Kepler-87 b",114.73635000000,0.4810000000,1.100000,"Transit",2013
"TOI-3757 b",3.43875300000,0.0384500000,0.640000,"Transit",2022
"Kepler-896 c",29.54225660000,0.1792000000,0.877000,"Transit",2023
"TOI-3785 b",4.67473730000,0.0430000000,0.520000,"Transit",2023
"Kepler-107 e",14.74914300000,0.1263800000,1.238000,"Transit",2014
"WASP-194 b",3.18338700000,0.0470000000,1.290000,"Transit",2025
"TOI-3807 b",2.89897270000,0.0421000000,1.181000,"Transit",2023
"TOI-3819 b",3.24431410000,0.0461100000,1.242000,"Transit",2023
"TOI-3837 b",11.88865000000,0.0990000000,0.890000,"Transit",2025
"TOI-3856 b",2.04360352000,0.0325000000,1.096000,"Transit",2025
"TOI-3862 b",1.55745774000,0.0253900000,0.900000,"Transit",2026
"TOI-3877 b",4.12359600000,0.0529000000,1.160000,"Transit",2025
"TOI-3884 b",4.54458280000,0.0361000000,0.298000,"Transit",2022
"TOI-3894 b",4.33454000000,0.0535400000,1.138000,"Transit",2024
"Kepler-308 b",9.69492800000,0.0900000000,,"Transit",2014
"TOI-3912 b",3.49362640000,0.0463000000,1.088000,"Transit",2023
"TOI-3919 b",7.43323400000,0.0795000000,1.208000,"Transit",2024
"Kepler-309 b",5.92365300000,0.0590000000,,"Transit",2014
"Kepler-310 c",56.47542000000,0.2810000000,,"Transit",2014
"KOI-1599.01",20.44150000000,0.1472800000,1.020000,"Transit",2019
"TOI-3976 A b",6.60766200000,0.0743000000,1.254000,"Transit",2023
"TOI-3980 b",3.60892540000,0.0494000000,1.240000,"Transit",2025
"TOI-3984 A b",4.35332600000,0.0410000000,0.490000,"Transit",2023
"TOI-4010 c",5.41465400000,0.0580000000,0.880000,"Transit",2023
"TOI-4010 d",14.70886000000,0.1130000000,0.880000,"Transit",2023
"TOI-4010 b",1.34833500000,0.0229000000,0.880000,"Transit",2023
"TOI-4034 b",1.80209320000,0.0328900000,1.190000,"Transit",2026
"Kepler-311 b",9.17609200000,0.0870000000,,"Transit",2014
"WASP-195 b",5.05192800000,0.0630000000,1.300000,"Transit",2025
"Kepler-275 b",10.30068200000,0.0980000000,,"Transit",2014
"TOI-4087 b",3.17748350000,0.0446900000,1.178000,"Transit",2023
"Kepler-424 b",3.31186440000,0.0440000000,1.010000,"Transit",2014
"Kepler-276 b",14.12841000000,0.1190000000,,"Transit",2014
"Kepler-278 c",51.11100000000,0.2870000000,1.227000,"Transit",2014
"Kepler-279 b",12.30968100000,0.1120000000,,"Transit",2014
"TOI-4127 b",56.39870000000,0.3030000000,1.230000,"Transit",2023
"TOI-4137 b",3.80161220000,0.0522200000,1.313000,"Transit",2022
"Kepler-56 b",10.50160000000,0.1028000000,1.320000,"Transit",2012
"TOI-4145 A b",4.06644280000,0.0482300000,0.905000,"Transit",2023
"TOI-4153 b",4.61741410000,0.0631100000,1.572000,"Transit",2024
"Kepler-284 c",37.51445600000,0.2130000000,,"Transit",2014
"Kepler-286 c",3.46809500000,0.0420000000,,"Transit",2014
"Kepler-287 b",20.34219900000,0.1450000000,,"Transit",2014
"TOI-4184 b",4.90198040000,0.0336000000,0.210900,"Transit",2023
"HD 35843 c",46.96220000000,0.2500000000,0.940000,"Transit",2025
"Kepler-110 b",12.69111200000,0.1070000000,,"Transit",2014
"Kepler-290 b",14.58934700000,0.1100000000,,"Transit",2014
"TOI-4201 b",3.58191940000,0.0400000000,0.610000,"Transit",2023
"Kepler-292 d",7.05567900000,0.0680000000,,"Transit",2014
"TOI-4214 b",3.49138850000,0.0501800000,1.382000,"Transit",2025
"Kepler-294 b",3.70121200000,0.0480000000,,"Transit",2014
"Kepler-296 d",19.85029100000,0.1180000000,0.498000,"Transit",2014
"Kepler-297 c",74.92013700000,0.3360000000,,"Transit",2014
"Kepler-302 b",30.18410400000,0.1930000000,,"Transit",2014
"Kepler-306 b",4.64618600000,0.0500000000,,"Transit",2014
"NGTS-24 b",3.46787960000,0.0479000000,1.260000,"Transit",2022
"Kepler-309 c",105.35638300000,0.4010000000,,"Transit",2014
"LP 890-9 b",2.72990250000,0.0187500000,0.118000,"Transit",2022
"Kepler-65 b",2.15491000000,0.0350000000,1.250000,"Transit",2012
"TOI-4311 c",15.07042500000,0.1116000000,0.816000,"Transit",2026
"TOI-4311 b",0.99027380000,0.0181700000,0.816000,"Transit",2026
"TOI-4336 A b",16.33635100000,0.0849000000,0.306000,"Transit",2024
"Kepler-119 c",4.12510300000,0.0490000000,,"Transit",2014
"TOI-4342 b",5.53825920000,0.0519000000,0.587000,"Transit",2023
"TOI-4342 c",10.68866200000,0.0804000000,0.587000,"Transit",2023
"Kepler-121 c",41.00801100000,0.2160000000,,"Transit",2014
"TOI-4364 b",5.42401900000,0.0475300000,0.487000,"Transit",2025
"Kepler-130 b",8.45745800000,0.0790000000,,"Transit",2014
"TOI-4377 b",4.37808100000,0.0579000000,1.360000,"Transit",2023
"Kepler-133 b",8.12997600000,0.0830000000,,"Transit",2014
"TOI-4406 b",30.08364000000,0.2010000000,1.190000,"Transit",2023
"Kepler-149 d",160.01803200000,0.5710000000,,"Transit",2014
"Kepler-152 c",88.25505500000,0.3560000000,,"Transit",2014
"Kepler-153 c",46.90232000000,0.2370000000,,"Transit",2014
"TOI-4438 b",7.44628000000,0.0534000000,0.368000,"Transit",2024
"TOI-4443.01",1.84985670000,0.0299626450,1.049133,"Transit",2024
"Kepler-553 c",328.24017000000,0.8980000000,0.889000,"Transit",2016
"Kepler-157 b",1.73234200000,0.0280000000,,"Transit",2014
"TOI-4463 A b",2.88071980000,0.0403600000,1.056000,"Transit",2023
"TOI-4465 b",101.94054000000,0.4160000000,0.930000,"Transit",2025
"TOI-4487 A b",3.95407090000,0.0544800000,1.378000,"Transit",2025
"Ross 176 b",5.00663380000,0.0464000000,0.577000,"Transit",2025
"Kepler-160 b",4.30939700000,0.0551100000,,"Transit",2014
"TOI-4495 c",5.18553000000,0.0632300000,1.247000,"Transit",2024
"TOI-4495 b",2.56699000000,0.0395700000,1.247000,"Transit",2026
"Kepler-162 b",6.91979800000,0.0690000000,,"Transit",2014
"TOI-4504 c",82.97213000000,0.3569000000,0.890000,"Transit",2024
"TOI-4504 b",2.42614000000,0.0339200000,0.890000,"Transit",2024
"TOI-4507 b",104.61611000000,0.4560000000,1.110000,"Transit",2025
"Kepler-164 d",28.98676900000,0.1870000000,,"Transit",2014
"TOI-4515 b",15.26644600000,0.1180000000,0.949000,"Transit",2024
"HD 20329 b",0.92611800000,0.0180000000,0.900000,"Transit",2022
"Kepler-167 e",1071.23205000000,1.8830000000,0.777000,"Transit",2016
"TOI-4551 b",9.95581000000,0.0994000000,1.310000,"Transit",2023
"TOI-4552 b",0.30110032000,0.0056255000,0.261900,"Transit",2026
"Kepler-168 b",4.42539100000,0.0560000000,,"Transit",2014
"TOI-4559 b",3.96599100000,0.0359000000,0.392000,"Transit",2024
"Kepler-176 b",5.43307400000,0.0580000000,,"Transit",2014
"Kepler-178 d",96.67898800000,0.3970000000,,"Transit",2014
"TOI-4600 b",82.68690000000,0.3490000000,0.890000,"Transit",2023
"TOI-4602.01",3.98129990000,0.0474700000,0.900000,"Transit",2024
"TOI-4603 b",7.24599000000,0.0888000000,1.765000,"Transit",2023
"Kepler-181 b",3.13787300000,0.0400000000,,"Transit",2014
"TOI-4633 c",271.94450000000,0.8470000000,1.100000,"Transit",2024
"TOI-4638.01",10.28391878700,0.0930130000,1.020000,"Transit",2024
"TOI-4641 b",22.09341000000,0.1730000000,1.410000,"Transit",2023
"Kepler-183 b",5.68794500000,0.0640000000,,"Transit",2014
"Kepler-193 c",50.69749400000,0.2860000000,,"Transit",2014
"TOI-4666 b",2.90891650000,0.0340000000,0.576000,"Transit",2025
"WASP-116 b",6.61320000000,0.0650000000,1.250000,"Transit",2025
"Kepler-194 b",2.09228100000,0.0320000000,,"Transit",2014
"Kepler-199 c",67.09340800000,0.3160000000,,"Transit",2014
"Kepler-207 b",1.61186500000,0.0290000000,,"Transit",2014
"TIC 9344899 b",8.58215660000,0.0815000000,0.980000,"Transit",2026
"Kepler-214 b",15.66054400000,0.1300000000,,"Transit",2014
"Kepler-218 b",3.61933700000,0.0460000000,,"Transit",2014
"Kepler-219 c",22.71461300000,0.1650000000,,"Transit",2014
"TOI-4734 b",6.23563300000,0.0740000000,1.391000,"Transit",2025
"Kepler-224 d",11.34939300000,0.0890000000,,"Transit",2014
"Kepler-225 b",6.73897500000,0.0560000000,,"Transit",2014
"Kepler-124 c",13.82137500000,0.1000000000,,"Transit",2014
"Kepler-226 b",3.94099700000,0.0470000000,,"Transit",2014
"TOI-4773 b",1.74528510000,0.0321600000,1.452000,"Transit",2025
"Kepler-227 c",54.41869400000,0.2900000000,,"Transit",2014
"TOI-4791 b",4.28088000000,0.0555000000,1.242000,"Transit",2023
"Kepler-232 c",11.37934900000,0.1010000000,,"Transit",2014
"TOI-4794 b",3.56581160000,0.0492000000,1.250000,"Transit",2025
"Kepler-235 d",20.06054800000,0.1220000000,,"Transit",2014
"Kepler-53 d",9.75196200000,0.0910000000,,"Transit",2014
"Kepler-238 d",13.23354900000,0.1150000000,,"Transit",2014
"Kepler-240 b",4.14449500000,0.0480000000,,"Transit",2014
"Kepler-241 c",36.06597800000,0.1890000000,,"Transit",2014
"Kepler-242 c",14.49648100000,0.1090000000,,"Transit",2014
"TOI-4860 b",1.52275910000,0.0180800000,0.340000,"Transit",2023
"NGTS-30 b",98.29838000000,0.4080000000,0.940000,"Transit",2024
"Kepler-244 d",20.05040100000,0.1400000000,,"Transit",2014
"Kepler-68 b",5.39875259000,0.0613500000,1.057000,"Transit",2013
"Kepler-249 b",3.30653900000,0.0350000000,,"Transit",2014
"Kepler-254 c",12.41218300000,0.1050000000,,"Transit",2014
"Kepler-31 c",42.63180000000,0.2600000000,1.210000,"Transit",2011
"TOI-4914 b",10.60057000000,0.0980000000,1.030000,"Transit",2024
"Kepler-42 c",0.45328509000,0.0060000000,0.130000,"Transit",2011
"TOI-4940 b",25.86781100000,0.1650000000,1.012000,"Transit",2025
"TOI-4961 b",7.47918200000,0.0726000000,0.912000,"Transit",2025
"Kepler-15 b",4.94278200000,0.0571400000,1.018000,"Transit",2011
"Kepler-268 c",83.44639300000,0.3910000000,,"Transit",2014
"BD-14 3065 b",4.28897310000,0.0656000000,1.410000,"Transit",2024
"TOI-4994 b",21.49198400000,0.1515000000,1.005000,"Transit",2024
"Kepler-273 c",8.01492700000,0.0730000000,,"Transit",2014
"Kepler-171 c",11.46346200000,0.0980000000,,"Transit",2014
"TOI-5005 b",6.30850440000,0.0661400000,0.970000,"Transit",2024
"TOI-5007 b",2.54337100000,0.0307000000,0.632000,"Transit",2026
"Kepler-80 e",4.64489000000,0.0491000000,0.730000,"Transit",2014
"TOI-5027 b",10.24368000000,0.0930000000,1.020000,"Transit",2025
"Kepler-238 b",2.09087600000,0.0340000000,,"Transit",2014
"Kepler-82 d",2.38296100000,0.0340000000,,"Transit",2014
"Kepler-33 c",13.17562000000,0.1189000000,1.291000,"Transit",2011
"Kepler-32 e",2.89600000000,0.0330000000,0.580000,"Transit",2012
"TOI-5076 b",23.44316200000,0.1481000000,0.789000,"Transit",2024
"TOI-5082.01",4.24012200000,0.0512048420,0.996650,"Transit",2024
"Kepler-107 d",7.95839000000,0.0837700000,1.238000,"Transit",2014
"TOI-5108 b",6.75358100000,0.0730000000,1.100000,"Transit",2025
"TOI-5110 b",30.15857700000,0.2157000000,1.469000,"Transit",2024
"Kepler-80 f",0.98678730000,0.0175000000,0.730000,"Transit",2016
"TOI-5126 b",5.45883850000,0.0651900000,1.240000,"Transit",2023
"TOI-5126 c",17.89990000000,0.1439000000,1.240000,"Transit",2023
"Kepler-297 d",150.01895110000,0.5230000000,0.846000,"Transit",2023
"TOI-5143 c",5.20971180000,0.0560200000,0.864000,"Transit",2025
"Kepler-65 d",8.13123000000,0.0840000000,1.250000,"Transit",2012
"TOI-5181 A b",3.89222950000,0.0522000000,1.250000,"Transit",2025
"Kepler-26 d",3.54391900000,0.0390000000,,"Transit",2014
"WASP-188 b",5.74891600000,0.0720000000,1.500000,"Transit",2025
"Kepler-148 b",1.72936600000,0.0280000000,,"Transit",2014
"TOI-5205 b",1.63075700000,0.0199000000,0.392000,"Transit",2023
"Kepler-150 e",30.82655700000,0.1890000000,,"Transit",2014
"TOI-5210 b",4.56610610000,0.0557000000,1.105000,"Transit",2025
"TOI-5218 b",4.29145200000,0.0469000000,0.739000,"Transit",2024
"Kepler-167 c",7.40610600000,0.0684000000,0.777000,"Transit",2014
"Kepler-426 b",3.21751883000,0.0414000000,0.910000,"Transit",2014
"Kepler-80 d",3.07222000000,0.0372000000,0.730000,"Transit",2014
"TOI-5232 b",4.09666920000,0.0559300000,1.389000,"Transit",2024
"Kepler-176 d",25.75197400000,0.1630000000,,"Transit",2014
"Kepler-178 c",20.55280200000,0.1420000000,,"Transit",2014
"Kepler-186 b",3.88679070000,0.0343000000,0.478000,"Transit",2014
"TOI-5261 b",4.15097680000,0.0513400000,1.037000,"Transit",2025
"Kepler-207 c",3.07157100000,0.0440000000,,"Transit",2014
"Kepler-62 e",122.38740000000,0.4270000000,0.690000,"Transit",2013
"WASP-154 b",3.81167800000,0.0440000000,0.800000,"Transit",2025
"Kepler-33 e",31.78440000000,0.2138000000,1.291000,"Transit",2011
"TOI-5292 A b",2.02191000000,0.0279000000,0.596000,"Transit",2026
"TOI-5293 A b",2.93028900000,0.0340000000,0.540000,"Transit",2023
"TOI-5300 b",2.26219600000,0.0295000000,0.670000,"Transit",2025
"TOI-5301 b",5.85885800000,0.0730000000,1.483000,"Transit",2024
"Kepler-219 d",47.90364500000,0.2720000000,,"Transit",2014
"TOI-5319 b",4.07853000000,0.0506000000,0.500000,"Transit",2024
"TOI-5322 b",5.42332070000,0.0604000000,0.998000,"Transit",2025
"Kepler-224 b",3.13292400000,0.0380000000,,"Transit",2014
"Kepler-228 b",2.56654600000,0.0380000000,,"Transit",2014
"TOI-5340 b",4.93943920000,0.0628000000,1.350000,"Transit",2025
"TOI-5344 b",3.79262200000,0.0404100000,0.612000,"Transit",2023
"Kepler-235 e",46.18366900000,0.2130000000,,"Transit",2014
"TOI-5349 b",3.31792100000,0.0369000000,0.610000,"Transit",2026
"TOI-5350 b",7.58136700000,0.0796000000,1.167000,"Transit",2025
"Kepler-238 c",6.15555700000,0.0690000000,,"Transit",2014
"Kepler-244 c",9.76729200000,0.0870000000,,"Transit",2014
"WASP-197 b",5.16722800000,0.0650000000,1.360000,"Transit",2025
"TOI-5386 A b",3.62156552000,0.0485600000,1.165000,"Transit",2025
"Kepler-82 e",5.90220600000,0.0630000000,,"Transit",2014
"TOI-5398 b",10.59054700000,0.0980000000,1.146000,"Transit",2022
"TOI-5398 c",4.77271000000,0.0570000000,1.146000,"Transit",2023
"Kepler-247 b",3.33616000000,0.0420000000,,"Transit",2014
"Kepler-249 d",15.36845900000,0.0970000000,,"Transit",2014
"TOI-5422 b",5.37721900000,0.0619000000,1.066000,"Transit",2026
"KOI-94 d",22.34298900000,0.1684000000,1.277000,"Transit",2013
"Kepler-251 b",4.79093600000,0.0530000000,,"Transit",2014
"Kepler-254 d",18.74647700000,0.1390000000,,"Transit",2014
"Kepler-31 d",87.64510000000,0.4000000000,1.210000,"Transit",2014
"Kepler-32 d",22.78020000000,0.1300000000,0.580000,"Transit",2012
"Kepler-42 d",1.86516900000,0.0154000000,0.130000,"Transit",2011
"Kepler-286 d",5.91432300000,0.0610000000,,"Transit",2014
"Kepler-296 b",10.86438400000,0.0790000000,0.498000,"Transit",2014
"Kepler-63 b",9.43415050000,0.0800000000,0.984000,"Transit",2013
"Kepler-253 b",3.78398600000,0.0460000000,,"Transit",2014
"TOI-5542 b",75.12375000000,0.3320000000,0.890000,"Transit",2022
"TOI-5573 b",8.79758977000,0.0712000000,0.619000,"Transit",2025
"Kepler-11 b",10.30390000000,0.0910000000,0.961000,"Transit",2010
"TOI-5592 b",2.60858460000,0.0393500000,1.194000,"Transit",2025
"Kepler-18 b",3.50472500000,0.0447000000,0.972000,"Transit",2011
"TOI-5616 b",2.00284900000,0.0272000000,0.666000,"Transit",2024
"Kepler-20 e",6.09848820000,0.0637000000,0.929000,"Transit",2011
"TOI-5624 d",13.73146800000,0.1067000000,0.858000,"Transit",2026
"KOI-351 d",59.73667000000,0.3200000000,1.200000,"Transit",2013
"TOI-5634 A b",2.20353730000,0.0272000000,0.556000,"Transit",2024
"Kepler-16 b",228.77600000000,0.7048000000,0.689700,"Transit",2011
"TOI-5678 b",47.73022000000,0.2490000000,0.905000,"Transit",2023
"TOI-5688 A b",2.94815527000,0.0337900000,0.600000,"Transit",2024
"HD 23472 f",12.16218390000,0.0906000000,0.670000,"Transit",2022
"HD 23472 d",3.97664000000,0.0429800000,0.670000,"Transit",2022
"HD 23472 e",7.90754000000,0.0680000000,0.670000,"Transit",2022
"TOI-201 d",5.84889000000,0.0698000000,1.320000,"Transit",2026
"LHS 1678 d",4.96522290000,0.0400000000,0.345000,"Transit",2024
"TOI-1260 d",16.60816400000,0.1116000000,0.679000,"Transit",2022
"TOI-5713 b",10.44198900000,0.0600800000,0.265300,"Transit",2024
"TOI-5720 b",1.43445550000,0.0182880000,0.383000,"Transit",2024
"TOI-5726.01",5.49112521500,0.0621860000,1.060000,"Transit",2024
"TOI-5734 b",6.18418760000,0.0592100000,0.724000,"Transit",2026
"Kepler-2000 b",6.38315913500,0.0562000000,0.581000,"Transit",2023
"GJ 896 A b",284.39000000000,0.6396500000,0.435990,"Astrometry",2022
"LP 890-9 c",8.45746300000,0.0398400000,0.118000,"Transit",2022
"Kepler-312 c",19.74741200000,0.1530000000,,"Transit",2014
"Wolf 327 b",0.57347450000,0.0100000000,0.405000,"Transit",2024
"HD 105618 b",10.02245000000,0.0910000000,1.010000,"Radial Velocity",2022
"HD 105618 c",77114.07158000000,35.7310000000,1.010000,"Radial Velocity",2022
"HD 109988 b",17132.15854000000,12.5180000000,0.880000,"Radial Velocity",2022
"HD 110537 b",24469.67342000000,16.7140000000,1.020000,"Radial Velocity",2022
"HD 11112 b",17244.90764000000,13.3800000000,1.070000,"Radial Velocity",2022
"HD 111232 c",26472.44623000000,17.2500000000,0.960000,"Radial Velocity",2022
"HD 113337 c",5429.93477000000,6.8050000000,1.410000,"Radial Velocity",2020
"HD 11343 c",228.53731000000,0.9230000000,2.009000,"Radial Velocity",2022
"HD 11505 b",32669.22247000000,20.2470000000,1.030000,"Radial Velocity",2022
"HD 11506 d",26500.00000000000,18.2000000000,1.220000,"Radial Velocity",2022
"HD 122562 c",84.96276000000,0.4060000000,1.241000,"Radial Velocity",2022
"HD 125271 b",14901.99295000000,10.8170000000,0.750000,"Radial Velocity",2022
"HD 127506 b",65.78395000000,0.2870000000,0.730000,"Radial Velocity",2022
"HD 135872 b",2422.32597000000,4.1720000000,1.646000,"Radial Velocity",2022
"HD 136118 b",1187.59765000000,2.3270000000,1.180000,"Radial Velocity",2022
"HD 13724 c",142.22895000000,0.5340000000,1.004000,"Radial Velocity",2022
"HD 140901 b",9.02378000000,0.0850000000,0.990000,"Radial Velocity",2022
"HD 140901 c",14386.00000000000,11.8000000000,1.060000,"Radial Velocity",2022
"HD 142 A d",108.45299000000,0.4740000000,1.210000,"Radial Velocity",2022
"HD 144899 b",40.43914000000,0.2420000000,1.160000,"Radial Velocity",2022
"HD 149806 b",16521.52778000000,12.4040000000,0.930000,"Radial Velocity",2022
"HD 151450 b",21.89288000000,0.1600000000,1.140000,"Radial Velocity",2022
"HD 151450 c",18144.76236000000,14.1310000000,1.140000,"Radial Velocity",2022
"HD 153557 b",7.29903000000,0.0680000000,0.790000,"Radial Velocity",2022
"HD 153557 c",15.27018000000,0.1110000000,0.790000,"Radial Velocity",2022
"HD 153557 d",40654.64809000000,21.4490000000,0.790000,"Radial Velocity",2022
"HD 155918 b",1.87567000000,0.0300000000,1.030000,"Radial Velocity",2022
"HD 155918 c",17202.19446000000,13.1830000000,1.030000,"Radial Velocity",2022
"HD 156098 b",21.85849000000,0.1670000000,1.290000,"Radial Velocity",2022
"HD 156098 c",7841.58390000000,8.4150000000,1.290000,"Radial Velocity",2022
"HD 168863 b",14773.93272000000,10.9610000000,0.800000,"Radial Velocity",2022
"HD 16905 b",10256.00000000000,8.8000000000,0.850000,"Radial Velocity",2022
"HD 18143 b",10.28510000000,0.0880000000,0.850000,"Radial Velocity",2022
"HD 18143 c",28982.41764000000,17.5300000000,0.850000,"Radial Velocity",2022
"HD 188641 b",14583.81038000000,12.0270000000,1.070000,"Radial Velocity",2022
"HD 190228 b",1143.59858000000,2.4060000000,1.415000,"Radial Velocity",2022
"HD 194490 b",13092.18348000000,11.1160000000,1.060000,"Radial Velocity",2022
"HD 199509 b",99.62167000000,0.4260000000,1.040000,"Radial Velocity",2022
"HD 204313 e",7325.64666000000,7.4570000000,1.030000,"Radial Velocity",2022
"HD 205158 b",25.33798000000,0.1770000000,1.160000,"Radial Velocity",2022
"HD 213519 b",11.12214000000,0.0990000000,1.050000,"Radial Velocity",2022
"HD 217786 c",2.52221000000,0.0380000000,1.140000,"Radial Velocity",2022
"HD 217958 b",2560.19774000000,3.7580000000,1.080000,"Radial Velocity",2022
"HD 25912 b",41.83156000000,0.2420000000,1.080000,"Radial Velocity",2022
"HD 25912 c",26308.65619000000,17.8480000000,1.080000,"Radial Velocity",2022
"HD 28185 c",9090.00000000000,8.5000000000,0.974000,"Radial Velocity",2022
"HD 28192 b",14.23283000000,0.1180000000,1.080000,"Radial Velocity",2022
"HD 29985 b",20608.14049000000,13.3900000000,0.750000,"Radial Velocity",2022
"HD 43197 c",9295.97350000000,8.5400000000,0.960000,"Radial Velocity",2022
"HD 457 b",20324.58153000000,15.3690000000,1.150000,"Radial Velocity",2022
"HD 56957 b",5859.08992000000,6.4260000000,1.030000,"Radial Velocity",2022
"HD 62364 b",5138.00000000000,6.1500000000,1.157000,"Radial Velocity",2022
"HD 62364 c",74839.94555000000,36.9840000000,1.190000,"Radial Velocity",2022
"HD 62549 b",14306.88519000000,11.8420000000,1.080000,"Radial Velocity",2022
"Kepler-50 b",7.81254000000,0.0770000000,1.240000,"Transit",2012
"HD 72659 c",35500.00000000000,21.5000000000,1.033000,"Radial Velocity",2022
"HD 73267 c",17071.78045000000,12.6880000000,0.930000,"Radial Velocity",2022
"HD 80883 b",6383.78352000000,6.4620000000,0.880000,"Radial Velocity",2022
"HD 80913 b",10839.83341000000,9.9500000000,1.110000,"Radial Velocity",2022
"HD 81817 c",622.97802000000,2.3250000000,4.300000,"Radial Velocity",2022
"HD 86065 b",25775.78859000000,15.9470000000,0.810000,"Radial Velocity",2022
"HD 88072 b",18538.79293000000,13.8950000000,1.040000,"Radial Velocity",2022
"HD 93351 b",2.45946000000,0.0350000000,0.940000,"Radial Velocity",2022
"HD 93351 c",14010.29410000000,11.1540000000,0.940000,"Radial Velocity",2022
"HD 97037 b",6449.08337000000,6.9250000000,1.060000,"Radial Velocity",2022
"GJ 2030 b",2.38129000000,0.0340000000,0.960000,"Radial Velocity",2022
"GJ 2030 c",25533.11353000000,16.7610000000,0.960000,"Radial Velocity",2022
"GJ 3222 b",10.66669000000,0.0910000000,0.890000,"Radial Velocity",2022
"GJ 680 b",17281.66514000000,10.1380000000,0.456000,"Radial Velocity",2022
"GJ 9714 b",19240.75467000000,12.3190000000,0.670000,"Radial Velocity",2022
"HD 115404 A b",10.49488000000,0.0880000000,0.830000,"Radial Velocity",2022
"HD 115404 A c",15319.22517000000,11.3640000000,0.830000,"Radial Velocity",2022
"HD 12235 b",4.36305000000,0.0540000000,1.100000,"Radial Velocity",2022
"HD 12235 c",36336.70679000000,22.2100000000,1.100000,"Radial Velocity",2022
"HD 203387 b",512.53520000000,1.7710000000,2.817000,"Radial Velocity",2022
"HD 203387 c",2481.07227000000,5.0670000000,2.817000,"Radial Velocity",2022
"HIP 19976 b",50.65905000000,0.2340000000,0.670000,"Radial Velocity",2022
"HIP 35965 b",26125.56497000000,15.8980000000,0.780000,"Radial Velocity",2022
"HIP 55507 b",5138.43727000000,5.0620000000,0.650000,"Radial Velocity",2022
"HIP 948 b",24955.45756000000,15.0370000000,0.710000,"Radial Velocity",2022
"TOI-5786 b",12.77910700000,0.1140000000,1.230000,"Transit",2025
"TOI-5788 c",16.21336200000,0.1197000000,0.870000,"Transit",2026
"TOI-5788 b",6.34075800000,0.0640000000,0.870000,"Transit",2026
"TOI-5795 b",6.14063250000,0.0640000000,0.901000,"Transit",2025
"TOI-5799 b",4.16450700000,0.0348000000,0.325000,"Transit",2024
"TOI-5800 b",2.62788380000,0.0344000000,0.778000,"Transit",2025
"HD 184010 b",286.60000000000,0.9400000000,1.350000,"Radial Velocity",2022
"HD 184010 c",484.30000000000,1.3340000000,1.350000,"Radial Velocity",2022
"HD 184010 d",836.40000000000,1.9200000000,1.350000,"Radial Velocity",2022
"KIC 3526061 b",3552.00000000000,5.1400000000,1.420000,"Radial Velocity",2022
"NGTS-21 b",1.54338970000,0.0236000000,0.720000,"Transit",2022
"HD 3167 e",96.63000000000,0.3885000000,0.837000,"Radial Velocity",2022
"Kepler-76 b",1.54492980000,0.0274000000,1.200000,"Orbital Brightness Modulation",2013
"TOI-5817 b",15.61031000000,0.1223000000,0.970000,"Transit",2025
"TOI-969 c",1700.00000000000,2.5200000000,0.734000,"Radial Velocity",2022
"HD 206893 b",11100.00000000000,10.7500000000,1.310000,"Imaging",2021
"K2-411 b",3.21410000000,0.0511000000,1.018000,"Transit",2022
"K2-413 b",0.80940000000,0.0117000000,0.808000,"Transit",2022
"K2-413 c",5.33010000000,0.0426000000,0.808000,"Transit",2022
"K2-414 c",6.66900000000,0.0552000000,0.814000,"Transit",2022
"K2-414 b",4.36960000000,0.0487000000,0.814000,"Transit",2022
"K2-412 b",5.93820000000,0.0586000000,0.893000,"Transit",2022
"NGTS-23 b",4.07643260000,0.0504000000,1.010000,"Transit",2022
"NGTS-25 b",2.82309300000,0.0388000000,0.910000,"Transit",2022
"HD 191939 g",284.00000000000,0.8120000000,0.810000,"Radial Velocity",2022
"TOI-5882 b",7.14897200000,0.0804000000,1.334000,"Transit",2025
"TOI-5916 b",2.36712800000,0.0262000000,0.477000,"Transit",2026
"Kepler-4 b",3.21346000000,0.0456000000,1.223000,"Transit",2009
"TOI-5938 b",2.26042400000,0.0308000000,0.744000,"Transit",2026
"HD 167768 b",20.65320000000,0.1512000000,1.080000,"Radial Velocity",2022
"HD 114082 b",109.75000000000,0.5109000000,1.470000,"Radial Velocity",2022
"HD 206893 c",2290.00000000000,3.7400000000,1.310000,"Imaging",2022
"TOI-1136 b",4.17270000000,0.0510600000,1.022000,"Transit",2022
"TOI-1136 g",39.54500000000,0.2290000000,1.022000,"Transit",2022
"TOI-6002 b",10.90482100000,0.0572200000,0.210100,"Transit",2024
"TOI-6008 b",0.85743470000,0.0107770000,0.230000,"Transit",2024
"GJ 1002 b",10.34650000000,0.0457000000,0.120000,"Radial Velocity",2022
"GJ 1002 c",21.20200000000,0.0738000000,0.120000,"Radial Velocity",2022
"TOI-6016 b",4.02368700000,0.0550000000,1.310000,"Transit",2024
"TOI-6019 b",14.54795200000,0.1212000000,1.130000,"Transit",2026
"Kepler-138 e",38.23000000000,0.1803000000,0.535000,"Transit Timing Variations",2022
"TOI-1288 c",416.00000000000,1.0700000000,0.955200,"Radial Velocity",2022
"nu Oct A b",402.40000000000,1.2400000000,1.570000,"Radial Velocity",2016
"GJ 1151 c",389.70000000000,0.5714000000,0.163900,"Radial Velocity",2023
"Proxima Cen d",5.12338000000,0.0288100000,0.122100,"Radial Velocity",2025
"TOI-6034 b",2.57618400000,0.0294900000,0.514000,"Transit",2024
"TOI-6038 A b",5.82673110000,0.0690000000,1.291000,"Transit",2025
"TOI-6041 b",26.04945000000,0.1651000000,0.885000,"Transit",2025
"TOI-1669 b",500.00000000000,1.2700000000,0.986700,"Radial Velocity",2023
"TOI-1694 c",386.25000000000,0.9740000000,0.828000,"Radial Velocity",2023
"TOI-6054.01",7.50142800000,0.0763000000,1.107000,"Transit",2024
"TOI-6054.02",12.56363600000,0.1079000000,1.107000,"Transit",2024
"Wolf 1069 b",15.56400000000,0.0672000000,0.167000,"Radial Velocity",2023
"L 363-38 b",8.78100000000,0.0480000000,0.210000,"Radial Velocity",2023
"AF Lep b",8905.00000000000,8.9960000000,1.218000,"Imaging",2023
"GJ 463 b",3459.00000000000,3.5300000000,0.486000,"Radial Velocity",2022
"TIC 279401253 b",76.80000000000,0.3690000000,1.130000,"Transit",2023
"TIC 279401253 c",155.30000000000,0.5910000000,1.130000,"Transit",2023
"TOI-6086 b",1.38887250000,0.0154100000,0.254000,"Transit",2024
"HD 18438 b",803.00000000000,2.1000000000,1.840000,"Radial Velocity",2023
"Kepler-314 c",5.96039200000,0.0640000000,,"Transit",2014
"K2-415 b",4.01796940000,0.0270000000,0.163500,"Transit",2023
"TOI-1533 c",8.06379260000,0.0760000000,0.880000,"Transit",2026
"WASP-84 c",1.44688490000,0.0235900000,0.853000,"Transit",2023
"TOI-6109 c",8.53887800000,0.0786000000,1.030000,"Transit",2025
"PZ Tel b",44000.00000000000,27.0000000000,1.360000,"Imaging",2023
"WASP-149 b",1.33281300000,0.0240000000,1.050000,"Transit",2025
"TOI-6130 b",2.39267900000,0.0360000000,1.310000,"Transit",2024
"WASP-155 b",3.11041300000,0.0430000000,1.090000,"Transit",2025
"WASP-102 b",2.70981300000,0.0410000000,1.080000,"Transit",2025
"TOI-6223 b",3.85521900000,0.0401800000,0.582000,"Transit",2025
"Kepler-315 b",96.10114100000,0.4020000000,,"Transit",2014
"Kepler-68 e",3455.00000000000,4.6000000000,1.057000,"Radial Velocity",2023
"Kepler-454 d",4073.00000000000,5.1000000000,1.030000,"Radial Velocity",2023
"K2-312 c",921.20000000000,1.9610000000,1.180000,"Radial Velocity",2023
"Kepler-10 d",151.06000000000,0.5379000000,0.910000,"Radial Velocity",2023
"Kepler-104 c",23.66820500000,0.1530000000,,"Transit",2014
"K2-2016-BLG-0005L b",4700.00000000000,4.1600000000,0.584000,"Microlensing",2023
"WISE J033605.05-014350.4 b",2560.00000000000,0.9700000000,0.013100,"Imaging",2023
"TOI-815 c",34.97614500000,0.1930000000,0.776000,"Transit",2024
"WASP-193 b",6.24634750000,0.0668000000,1.018000,"Transit",2023
"Kepler-316 c",6.82776600000,0.0580000000,,"Transit",2014
"HD 101581 c",6.20401000000,0.0573000000,0.653000,"Transit",2025
"HD 101581 b",4.46569000000,0.0460000000,0.653000,"Transit",2025
"LP 791-18 d",2.75485000000,0.0199200000,0.139000,"Transit",2023
"TOI-6303 b",9.48523600000,0.0761000000,0.644000,"Transit",2025
"TOI-6330 b",6.85002460000,0.0576300000,0.531000,"Transit",2025
"TOI-6383 A b",1.79058695000,0.0229200000,0.458000,"Transit",2024
"TOI-6420 b",6.96150800000,0.0753000000,1.165000,"Transit",2025
"NGTS-33 b",2.82797200000,0.0480000000,1.600000,"Transit",2024
"TOI-6448 b",14.84426100000,0.1310000000,1.030000,"Transit",2025
"HD 207496 b",6.44100800000,0.0629000000,0.800000,"Transit",2023
"K2-416 b",13.10200000000,0.0880000000,0.548000,"Transit",2023
"K2-417 b",6.53500000000,0.0630000000,0.569000,"Transit",2023
"HD 167677 b",1820.00000000000,2.8770000000,0.960000,"Radial Velocity",2023
"HD 89839 b",3391.20000000000,4.7130000000,1.210000,"Radial Velocity",2023
"HD 165131 b",2342.60000000000,3.5400000000,1.060000,"Radial Velocity",2023
"HD 15906 c",21.58329800000,0.1410000000,0.790000,"Transit",2023
"TOI-4010 e",762.00000000000,1.5700000000,0.880000,"Radial Velocity",2023
"GJ 328 c",241.80000000000,0.6570000000,0.650000,"Radial Velocity",2023
"HIP 54597 b",3274.00000000000,4.0000000000,0.800000,"Radial Velocity",2023
"BD-210397 b",1891.00000000000,2.6300000000,0.679000,"Radial Velocity",2023
"BD-210397 c",6240.00000000000,5.9000000000,0.690000,"Radial Velocity",2023
"HD 74698 b",15.01700000000,0.1210000000,1.039000,"Radial Velocity",2023
"HD 74698 c",3449.00000000000,4.5000000000,1.039000,"Radial Velocity",2023
"HD 94771 b",2164.00000000000,3.4800000000,1.200000,"Radial Velocity",2023
"TOI-6478 b",34.00501900000,0.1136000000,0.230000,"Transit",2025
"Kepler-313 b",14.97041800000,0.1250000000,,"Transit",2014
"HD 22946 d",47.42489000000,0.2958000000,1.098000,"Transit",2023
"HIP 81208 C b",104100.00000000000,23.0400000000,0.135000,"Imaging",2023
"DMPP-4 b",3.49820000000,0.0485300000,1.250000,"Radial Velocity",2023
"TOI-1470 c",18.08816000000,0.1060000000,0.471000,"Transit",2023
"HN Lib b",36.11600000000,0.1417000000,0.291000,"Radial Velocity",2023
"TOI-1052 c",35.80600000000,0.2263000000,1.204000,"Radial Velocity",2023
"HD 6860 b",663.87000000000,2.0300000000,2.490000,"Radial Velocity",2023
"HD 112300 b",466.63000000000,1.3300000000,1.400000,"Radial Velocity",2023
"TOI-6109 b",5.69047600000,0.0599000000,1.030000,"Transit",2025
"TOI-6564 b",3.98541300000,0.0542000000,1.180000,"Transit",2026
"HD 36384 b",490.00000000000,1.3000000000,1.140000,"Radial Velocity",2023
"TOI-4600 c",482.81910000000,1.1520000000,0.890000,"Transit",2023
"Kepler-120 c",12.79458500000,0.0880000000,,"Transit",2014
"TOI-6628 b",18.18424000000,0.1340000000,0.970000,"Transit",2025
"TOI-198 b",10.21521300000,0.0675000000,0.417000,"Transit",2023
"HD 73256 c",2690.00000000000,3.8000000000,1.000000,"Radial Velocity",2023
"HD 75302 b",4356.00000000000,5.3000000000,1.060000,"Radial Velocity",2023
"HD 108202 b",2990.00000000000,3.7000000000,0.740000,"Radial Velocity",2023
"HD 135625 b",4055.00000000000,5.4000000000,1.280000,"Radial Velocity",2023
"HD 185283 b",4060.00000000000,4.6000000000,0.800000,"Radial Velocity",2023
"GJ 9404 b",13.45860000000,0.0943000000,0.620000,"Radial Velocity",2023
"HIP 29442 c",3.53795590000,0.0451800000,0.901000,"Radial Velocity",2023
"HIP 29442 d",6.42957500000,0.0673000000,0.901000,"Radial Velocity",2023
"75 Cet c",2051.62000000000,3.9290000000,1.920000,"Radial Velocity",2023
"HIP 113103 b",7.61030300000,0.0689900000,0.761000,"Transit",2023
"HIP 113103 c",14.24564800000,0.1047900000,0.761000,"Transit",2023
"TOI-199 c",273.69000000000,0.8070000000,0.936000,"Transit Timing Variations",2023
"TOI-6651 b",5.05697300000,0.0633000000,1.323000,"Transit",2024
"NGTS-35 b",25.24119200000,0.1600000000,0.789000,"Transit",2025
"TOI-6692 b",131.12500000000,0.5120000000,1.047000,"Transit",2026
"TOI-6695 b",80.38900000000,0.4020000000,1.338000,"Transit",2025
"Kepler-109 c",21.22265000000,0.1546000000,1.094000,"Transit",2014
"Kepler-1978 b",10.84969477000,0.0914000000,0.869000,"Transit",2023
"Kepler-323 c",3.55382290000,0.0458000000,1.015000,"Transit",2014
"TOI-6716 b",4.71858980000,0.0319000000,0.223000,"Transit",2026
"HIP 66074 b",310.90000000000,0.7990000000,0.705000,"Astrometry",2023
"GJ 724 b",5.10128400000,0.0468500000,0.527100,"Radial Velocity",2023
"GJ 3988 b",6.94420000000,0.0405000000,0.184200,"Radial Velocity",2023
"TIC 87422071 b",11.36492900000,0.1060000000,1.239000,"Transit",2026
"TOI-1736 c",571.25000000000,1.3700000000,1.037300,"Radial Velocity",2023
"GJ 806 b",0.92632370000,0.0140600000,0.413000,"Transit",2023
"GJ 806 c",6.64064000000,0.0523000000,0.413000,"Radial Velocity",2023
"HD 110067 b",9.11367800000,0.0793000000,0.798000,"Transit",2023
"HD 110067 c",13.67369400000,0.1039000000,0.798000,"Transit",2023
"HD 110067 d",20.51961700000,0.1362000000,0.798000,"Transit",2023
"HD 110067 e",30.79309100000,0.1785000000,0.798000,"Transit",2023
"HD 110067 f",41.05854000000,0.2163000000,0.798000,"Transit",2023
"HD 110067 g",54.76992000000,0.2621000000,0.798000,"Transit",2023
"HD 88986 b",146.05000000000,0.5800000000,1.250000,"Radial Velocity",2023
"HD 112570 b",2615.00000000000,3.9000000000,1.150000,"Radial Velocity",2023
"HD 154391 b",5163.00000000000,7.4600000000,2.070000,"Radial Velocity",2023
"LHS 3154 b",3.71778000000,0.0226200000,0.111800,"Radial Velocity",2023
"Kepler-317 b",5.52424200000,0.0610000000,,"Transit",2014
"HD 63433 d",4.20907500000,0.0503000000,0.990000,"Transit",2023
"TIC 393818343 b",16.24921000000,0.1291000000,1.082000,"Transit",2024
"TOI-6884 b",4.80826400000,0.0629000000,1.410000,"Transit",2026
"TOI-6894 b",3.37077196000,0.0260400000,0.207000,"Transit",2025
"TOI-1386 c",232.00000000000,0.7500000000,1.036300,"Radial Velocity",2024
"TOI-238 c",8.46565100000,0.0749000000,0.790000,"Radial Velocity",2024
"Kepler-48 f",5219.68185400000,5.7191878770,0.916000,"Radial Velocity",2023
"Kepler-100 e",60.88858800000,0.3123915860,1.097000,"Radial Velocity",2023
"Kepler-139 e",2047.63537300000,3.2357963900,1.078000,"Radial Velocity",2023
"HD 134606 b",12.08900000000,0.1046000000,1.046000,"Radial Velocity",2024
"HD 134606 c",58.88300000000,0.3007000000,1.046000,"Radial Velocity",2024
"HD 134606 d",966.50000000000,1.9410000000,1.046000,"Radial Velocity",2024
"HD 134606 e",4.32030000000,0.0527000000,1.046000,"Radial Velocity",2024
"HD 134606 f",26.91500000000,0.1784000000,1.046000,"Radial Velocity",2024
"Teegarden's Star d",26.13000000000,0.0791000000,0.097000,"Radial Velocity",2024
"Kepler-331 b",8.45749600000,0.0650000000,,"Transit",2014
"HS Psc b",3.98600000000,0.0435000000,0.690000,"Radial Velocity",2024
"NGC 2682 Sand 1429 b",77.48000000000,0.3840000000,1.260000,"Radial Velocity",2024
"CI Tau c",25.20000000000,0.1700000000,,"Radial Velocity",2024
"TOI-791 c",232.01570000000,0.8630000000,1.280000,"Transit",2026
"HD 104067 c",13.89920000000,0.1058000000,0.820000,"Radial Velocity",2024
"Luhman 16 b",9697.00000000000,3.5200000000,0.033800,"Imaging",2017
"IRAS 04125+2902 b",8.83497800000,0.0770000000,0.700000,"Transit",2024
"Kepler-319 c",6.94135700000,0.0690000000,,"Transit",2014
"HIP 39017 b",31000.00000000000,22.1000000000,1.520000,"Imaging",2024
"TOI-5624 b",3.39034730000,0.0420100000,0.858000,"Transit",2026
"TOI-5624 c",7.88538500000,0.0737400000,0.858000,"Transit",2026
"TOI-5624 e",21.48993600000,0.1439000000,0.858000,"Transit",2026
"TIC 139270665 b",23.62400000000,0.1630000000,1.035000,"Transit",2024
"TIC 139270665 c",1010.00000000000,2.0000000000,1.035000,"Radial Velocity",2024
"SPECULOOS-3 b",0.71912603000,0.0073300000,0.100900,"Transit",2024
"TOI-1224 b",4.17827450000,0.0355000000,0.400000,"Transit",2024
"NGTS-26 b",4.51992790000,0.0490000000,0.960000,"Transit",2024
"TOI-4527.01",0.39944450000,0.0083323530,0.483901,"Transit",2024
"TOI-7009 b",2.32066120000,0.0287000000,0.583000,"Transit",2026
"Kepler-11 d",22.68450000000,0.1550000000,0.961000,"Transit",2010
"TIC 365102760 b",4.21285367000,0.0622000000,1.170000,"Transit",2024
"HD 48948 b",7.34013000000,0.0652000000,0.686000,"Radial Velocity",2024
"HD 48948 c",38.06000000000,0.1951000000,0.686000,"Radial Velocity",2024
"HD 48948 d",151.92000000000,0.4894000000,0.686000,"Radial Velocity",2024
"TIC 241249530 b",165.77190000000,0.6410000000,1.271000,"Transit",2024
"TIC 46432937 b",1.44044527000,0.0206500000,0.563000,"Transit",2024
"TOI-1294 c",159.90000000000,0.6100000000,1.157800,"Radial Velocity",2024
"TOI-1410 c",47.56000000000,0.2390000000,0.794100,"Radial Velocity",2024
"TOI-1408 c",2.16640000000,0.0358700000,1.312000,"Transit Timing Variations",2024
"GJ 238 b",1.74469990000,0.0212300000,0.419300,"Transit",2024
"HD 118203 c",5103.00000000000,6.2800000000,1.270000,"Radial Velocity",2024
"TIC 4672985 b",69.04800000000,0.3300000000,1.010000,"Transit",2024
"HD 21520 b",25.12920000000,0.1726000000,1.090000,"Transit",2024
"HD 222237 b",14892.00000000000,10.8000000000,0.760000,"Radial Velocity",2024
"TOI-4562 c",3990.00000000000,5.2190000000,1.192000,"Transit Timing Variations",2024
"HIP 67522 c",14.33489200000,0.1228000000,1.220000,"Transit",2024
"Barnard b",3.15420000000,0.0229000000,0.162000,"Radial Velocity",2024
"HD 75898 c",6717.00000000000,7.3900000000,1.295000,"Radial Velocity",2024
"Kepler-340 c",22.82466900000,0.1780000000,,"Transit",2014
"Kepler-20 d",77.61145500000,0.3474000000,0.929000,"Transit",2011
"Kepler-20 b",3.69610490000,0.0456500000,0.929000,"Transit",2011
"Kepler-348 b",7.05677000000,0.0760000000,,"Transit",2014
"TOI-7149 b",2.65206166000,0.0260300000,0.344000,"Transit",2025
"TOI-7166 b",12.92063621000,0.0619100000,0.190000,"Transit",2025
"TOI-2458 c",16.55300000000,0.1290000000,1.050000,"Radial Velocity",2024
"HD 86728 b",31.15150000000,0.1916000000,0.967000,"Radial Velocity",2025
"Kepler-338 b",13.72697600000,0.1170000000,,"Transit",2014
"TOI-4504 d",40.56340000000,0.2219000000,0.890000,"Transit Timing Variations",2024
"HD 73344 c",65.94000000000,0.3388000000,1.190000,"Radial Velocity",2025
"HD 73344 d",5823.00000000000,6.7000000000,1.190000,"Radial Velocity",2025
"Kepler-111 b",3.34181500000,0.0460000000,,"Transit",2014
"Kepler-970 b",16.73652500000,0.1390000000,0.670000,"Transit",2016
"WASP-132 d",1816.60000000000,2.7100000000,0.789000,"Radial Velocity",2024
"K2-360 c",9.79692000000,0.0883000000,0.958000,"Radial Velocity",2024
"HD 20794 f",647.60000000000,1.3541000000,0.790000,"Radial Velocity",2025
"K2-99 c",522.20000000000,1.4300000000,1.440000,"Radial Velocity",2022
"Gl 725 A b",11.22010000000,0.0680000000,0.330000,"Radial Velocity",2025
"KOBE-1 b",8.53990000000,0.0700600000,0.629000,"Radial Velocity",2025
"KOBE-1 c",29.67100000000,0.1607100000,0.629000,"Radial Velocity",2025
"TOI-2295 c",966.50000000000,2.0180000000,1.168000,"Radial Velocity",2024
"TOI-2537 c",1920.00000000000,2.7800000000,0.771000,"Radial Velocity",2024
"GJ 2126 b",272.70000000000,0.7100000000,0.650000,"Radial Velocity",2025
"TOI-2015 c",5.58279600000,0.0412320000,0.304100,"Transit Timing Variations",2025
"TOI-2443 b",15.66858000000,0.1050000000,0.642000,"Transit",2023
"Kepler-333 b",12.55115800000,0.0870000000,,"Transit",2014
"Kepler-336 d",20.67877200000,0.1540000000,,"Transit",2014
"Barnard c",4.12440000000,0.0274000000,0.162000,"Radial Velocity",2025
"Barnard d",2.34020000000,0.0188000000,0.162000,"Radial Velocity",2025
"Barnard e",6.73920000000,0.0381000000,0.162000,"Radial Velocity",2025
"GJ 3998 d",41.78000000000,0.1890000000,0.520000,"Radial Velocity",2025
"GJ 1289 b",111.74000000000,0.2700000000,0.210000,"Radial Velocity",2024
"TOI-1266 d",32.50900000000,0.1513000000,0.437000,"Transit Timing Variations",2025
"BD+05 4868 A b",1.27186900000,0.0208000000,0.700000,"Transit",2025
"G 268-110 b",1.43263000000,0.0128300000,0.137000,"Radial Velocity",2025
"G 192-15 b",2.27476000000,0.0172300000,0.132000,"Radial Velocity",2025
"G 192-15 c",1219.00000000000,1.1370000000,0.132000,"Radial Velocity",2025
"G 261-6 b",5.45360000000,0.0297100000,0.118000,"Radial Velocity",2025
"Gl 410 b",6.02000000000,0.0531000000,0.550000,"Radial Velocity",2025
"TOI-7384 b",6.23402580000,0.0439000000,0.318000,"Transit",2026
"TOI-771 c",7.61000000000,0.0460000000,0.220000,"Radial Velocity",2025
"OGLE-2016-BLG-0007L b",14200.00000000000,10.1000000000,0.590000,"Microlensing",2025
"AT2021ueyL b",4168.69000000000,4.0100000000,0.490000,"Microlensing",2025
"Kepler-102 d",10.31176700000,0.0861800000,0.803000,"Transit",2014
"K2-157 c",25.94200000000,0.1650000000,0.890000,"Radial Velocity",2025
"K2-157 d",66.50000000000,0.3090000000,0.890000,"Radial Velocity",2025
"HD 35843 b",9.89910000000,0.0880000000,0.940000,"Radial Velocity",2025
"TOI-2076 e",3.02237530000,0.0386300000,0.849000,"Transit",2025
"HD 87816 b",484.17000000000,1.6180000000,2.410000,"Radial Velocity",2025
"HD 87816 c",7596.00000000000,10.1400000000,2.410000,"Radial Velocity",2025
"HD 94890 b",824.61000000000,2.0700000000,1.740000,"Radial Velocity",2025
"HD 94890 c",2492.19000000000,4.3300000000,1.740000,"Radial Velocity",2025
"HD 102888 b",252.06000000000,1.0500000000,2.420000,"Radial Velocity",2025
"TOI-6695 c",242.40000000000,0.8380000000,1.338000,"Radial Velocity",2025
"TIC 434398831 b",3.68550400000,0.0464100000,0.992000,"Transit",2025
"TIC 434398831 c",6.21029100000,0.0657200000,0.992000,"Transit",2025
"TOI-1117 c",4.57900000000,0.0534000000,0.970000,"Radial Velocity",2025
"TOI-1117 d",8.66500000000,0.0817000000,0.970000,"Radial Velocity",2025
"Kepler-725 c",207.54100000000,0.6744000000,0.950000,"Transit Timing Variations",2025
"TIC 88785435 b",10.50884300000,0.0843200000,0.724000,"Transit",2025
"KOI-134 c",33.95000000000,0.2305000000,1.407000,"Transit Timing Variations",2025
"L 98-59 f",23.06400000000,0.1052000000,0.292300,"Radial Velocity",2025
"TOI-201 c",2890.00000000000,4.3700000000,1.320000,"Transit Timing Variations",2025
"BEBOP-3 b",547.00000000000,1.4440000000,1.083000,"Radial Velocity",2025
"GJ 9773 b",2965.00000000000,2.9210000000,0.358000,"Radial Velocity",2025
"GJ 508.2 b",5300.00000000000,4.8500000000,0.540000,"Radial Velocity",2025
"HD 224018 b",10.64130000000,0.0952000000,1.013000,"Radial Velocity",2025
"HD 224018 c",36.57669000000,0.2170000000,1.013000,"Transit",2025
"HD 224018 d",138.07310000000,0.5300000000,1.013000,"Transit",2025
"HD 28471 b",3.16490000000,0.0420000000,0.980000,"Radial Velocity",2025
"HD 28471 c",6.12450000000,0.0650000000,0.980000,"Radial Velocity",2025
"HD 28471 d",11.68100000000,0.1000000000,0.980000,"Radial Velocity",2025
"GJ 536 c",32.76100000000,0.1617000000,0.528000,"Radial Velocity",2025
"TOI-2141 c",5.46240000000,0.0585000000,0.896000,"Radial Velocity",2025
"TOI-2141 d",60.45000000000,0.2906000000,0.896000,"Radial Velocity",2025
"Kepler-343 b",8.96855000000,0.0880000000,,"Transit",2014
"TOI-5799 c",14.01044900000,0.0782000000,0.325000,"Transit",2025
"TOI-1203 b",4.15728880000,0.0486900000,0.886000,"Radial Velocity",2025
"NGTS-32 b",3.31211000000,0.0440000000,1.070000,"Transit",2025
"HD 143811 AB b",117000.00000000000,63.0000000000,1.320000,"Imaging",2025
"Kepler-107 c",4.90145200000,0.0606400000,1.238000,"Transit",2014
"TOI-2093 b",12.83600000000,0.0970000000,0.745000,"Radial Velocity",2025
"HIP 18606 b",674.94000000000,1.6100000000,1.210000,"Radial Velocity",2025
"HIP 111909 b",487.08000000000,1.3200000000,1.280000,"Radial Velocity",2025
"HIP 111909 c",893.63000000000,1.9700000000,1.280000,"Radial Velocity",2025
"BD+37 3172 b",1887.76000000000,4.6500000000,3.750000,"Radial Velocity",2023
"BD+42 2315 b",123.05000000000,0.5400000000,1.380000,"Radial Velocity",2023
"55 Cnc B b",6.79940000000,0.0440000000,0.260000,"Radial Velocity",2025
"55 Cnc B c",33.74700000000,0.1300000000,0.260000,"Radial Velocity",2025
"GJ 251 c",53.64700000000,0.1960000000,0.350000,"Radial Velocity",2025
"TOI-7510 b",11.53086900000,0.1019000000,1.063000,"Transit",2025
"TOI-7510 c",22.56874230000,0.1595000000,1.063000,"Transit",2025
"TOI-7510 d",48.86446800000,0.2672000000,1.063000,"Transit",2025
"TOI-756 c",149.40000000000,0.4390000000,0.505000,"Radial Velocity",2025
"Kepler-351 c",57.24809000000,0.2870000000,,"Transit",2014
"BEBOP-4 AB b",1823.50000000000,3.6340000000,1.507000,"Radial Velocity",2025
"TOI-1422 c",34.56330000000,0.2050000000,,"Radial Velocity",2025
"Kepler-49 d",2.57654900000,0.0310000000,,"Transit",2014
"TOI-1472 c",15.53817470000,0.1160000000,0.870000,"Radial Velocity",2025
"HIP 54515 b",33000.00000000000,24.8000000000,1.900000,"Imaging",2026
"TOI-6041 c",88.00000000000,0.3721000000,0.885000,"Radial Velocity",2025
"HD 128717 b",3420.00000000000,4.8500000000,1.212000,"Astrometry",2025
"NGTS-34 b",43.12655000000,0.2570000000,1.266000,"Transit",2025
"Kepler-341 c",8.01041000000,0.0800000000,,"Transit",2014
"Kepler-11 e",31.99960000000,0.1950000000,0.961000,"Transit",2010
"TOI-5789 c",12.92774800000,0.1009000000,0.821000,"Transit",2026
"TOI-5789 b",2.76369000000,0.0360800000,0.821000,"Radial Velocity",2026
"TOI-5789 d",29.65000000000,0.1756000000,0.821000,"Radial Velocity",2026
"TOI-5789 e",62.98000000000,0.2901000000,0.821000,"Radial Velocity",2026
"GJ 3090 c",15.94070000000,0.0997000000,0.519000,"Radial Velocity",2026
"HD 176986 d",61.37600000000,0.2814900000,0.789000,"Radial Velocity",2026
"GJ 4274 b",1.63390000000,0.0153000000,0.180000,"Radial Velocity",2026
"GJ 4274 c",69.57000000000,0.1860000000,0.180000,"Radial Velocity",2026
"TOI-375 c",115.50000000000,0.5240000000,1.441000,"Radial Velocity",2026
"TOI-375 d",297.90000000000,0.9840000000,1.441000,"Radial Velocity",2026
"GJ 887 d",50.77000000000,0.2120000000,0.495000,"Radial Velocity",2026
"GJ 887 e",4.42490000000,0.0417000000,0.495000,"Radial Velocity",2026
"HD 164604 c",5387.00000000000,5.5560000000,0.770000,"Radial Velocity",2026
"LHS 1903 e",29.31773000000,0.1513500000,0.538000,"Transit",2026
"TOI-4336 A c",7.58726600000,0.0509200000,0.306000,"Transit",2026
"DMPP-2 c",3.16800000000,0.0478900000,1.410000,"Radial Velocity",2026
"DMPP-2 d",16.49100000000,0.1432000000,1.410000,"Radial Velocity",2026
"DMPP-6 b",7.60270000000,0.0779000000,1.079000,"Radial Velocity",2026
"DMPP-6 c",36.44100000000,0.2206000000,1.079000,"Radial Velocity",2026
"DMPP-7 b",4.98400000000,0.0587300000,1.090000,"Radial Velocity",2026
"DMPP-8 b",62.91500000000,0.3098000000,0.990000,"Radial Velocity",2026
"DMPP-9 b",12.73300000000,0.1097000000,1.100000,"Radial Velocity",2026
"TOI-2267 d",2.03446710000,0.0145000000,,"Transit",2025
"HD 68475 b",7832.00000000000,7.2700000000,0.830000,"Radial Velocity",2026
"HD 100508 b",5681.00000000000,6.1100000000,0.940000,"Radial Velocity",2026
"HD 48265 c",10418.00000000000,10.4000000000,1.380000,"Radial Velocity",2026
"HD 114386 c",444.00000000000,1.0500000000,0.800000,"Radial Velocity",2026
"TOI-1232 c",30.35600000000,0.1940000000,1.058000,"Transit Timing Variations",2026
"Kepler-107 b",3.18002180000,0.0454400000,1.238000,"Transit",2014
"GJ 1137 c",9.64120000000,0.0835000000,0.836000,"Radial Velocity",2026
"TIC 147027702 b",44.40523000000,0.2740000000,1.406000,"Transit",2026
"TIC 245076932 b",21.61389000000,0.1570000000,1.117000,"Transit",2026
"TOI-5624 f",45.37000000000,0.2366000000,0.858000,"Transit Timing Variations",2026
"TOI-237 c",1.74486147000,0.0160000000,0.169800,"Transit",2026
"XO-2 S d",4696.00000000000,5.4600000000,0.980000,"Radial Velocity",2024
"HD 5388 b",772.50000000000,1.7570000000,1.210000,"Radial Velocity",2010
"HD 16760 b",466.08000000000,1.1560000000,0.930000,"Radial Velocity",2009
"GJ 3378 b",21.45000000000,0.0967300000,0.262000,"Radial Velocity",2026
"HIP 10090 b",2960.00000000000,3.8700000000,0.940000,"Radial Velocity",2026
"HIP 10090 c",321.82000000000,0.9000000000,0.940000,"Radial Velocity",2026
"HIP 8923 b",5160.00000000000,5.9000000000,1.010000,"Radial Velocity",2026
"HIP 39330 b",4650.00000000000,5.0500000000,0.960000,"Radial Velocity",2026
"HIP 98599 b",2656.00000000000,3.9600000000,1.190000,"Radial Velocity",2026
"HD 190360 d",88.69000000000,0.3886000000,0.996000,"Radial Velocity",2026
"HD 126105 b",524.00000000000,1.3600000000,1.200000,"Radial Velocity",2026
"Kepler-327 b",2.54957500000,0.0290000000,,"Transit",2014
"Kepler-321 c",13.09392100000,0.1100000000,,"Transit",2014
"Kepler-322 c",4.33723400000,0.0510000000,,"Transit",2014
"NGTS-38 b",180.52797000000,0.6970000000,1.460000,"Transit",2026
"bet Pic d",33200.00000000000,26.0000000000,1.789000,"Imaging",2026
"TOI-260 b",13.47585300000,0.0943000000,0.616000,"Transit",2024
"Kepler-349 b",5.92977800000,0.0650000000,,"Transit",2014
"Kepler-37 d",39.79226220000,0.2109000000,0.790000,"Transit",2013
"Kepler-330 c",15.95538700000,0.1160000000,,"Transit",2014
"Kepler-127 d",48.63040800000,0.2800000000,,"Transit",2014
"Kepler-329 c",18.68473700000,0.1130000000,,"Transit",2014
"Kepler-335 b",6.56233100000,0.0750000000,,"Transit",2014
"Kepler-345 c",9.38742700000,0.0770000000,,"Transit",2014
"Kepler-326 c",4.58035800000,0.0510000000,,"Transit",2014
"Kepler-352 c",16.33299500000,0.1180000000,,"Transit",2014
"Kepler-346 b",6.51112700000,0.0710000000,,"Transit",2014
"Kepler-127 c",29.39319500000,0.2000000000,,"Transit",2014
"Kepler-344 b",21.96394500000,0.1530000000,,"Transit",2014
"Kepler-1996 c",92.72972480000,0.3608000000,0.748000,"Transit",2023
"Kepler-66 b",17.81581500000,0.1352000000,1.038000,"Transit",2013
"Kepler-93 b",4.72673978000,0.0534300000,0.911000,"Transit",2014
"Kepler-342 b",15.17031800000,0.1280000000,,"Transit",2014
"Kepler-318 b",4.66271500000,0.0560000000,,"Transit",2014
"Kepler-409 b",68.95832160000,0.3192000000,0.913000,"Transit",2014
"Kepler-334 c",12.75800500000,0.1070000000,,"Transit",2014
"Kepler-337 c",9.69320100000,0.0930000000,,"Transit",2014
"Kepler-332 b",7.62632400000,0.0700000000,,"Transit",2014
"Kepler-339 b",4.97765600000,0.0550000000,,"Transit",2014
"Kepler-447 b",7.79430132000,0.0769000000,1.000000,"Transit",2015
"Kepler-347 b",12.79836000000,0.1100000000,,"Transit",2014
"Kepler-411 c",7.83443500000,0.0739000000,0.870000,"Transit",2016
"Kepler-45 b",2.45523900000,0.0300000000,0.590000,"Transit",2011
"Kepler-324 c",51.80561200000,0.2600000000,,"Transit",2014
"Kepler-325 b",4.54443900000,0.0530000000,,"Transit",2014
"Kepler-65 c",5.85994400000,0.0680000000,1.250000,"Transit",2012
"Kepler-188 b",2.06189700000,0.0320000000,,"Transit",2014
"Kepler-91 b",6.24658000000,0.0731000000,1.310000,"Transit",2013
"Kepler-361 c",55.18802300000,0.3000000000,,"Transit",2014
"Kepler-362 c",37.86628100000,0.2070000000,,"Transit",2014
"Kepler-104 b",11.42754800000,0.0940000000,,"Transit",2014
"Kepler-363 d",11.93212500000,0.1070000000,,"Transit",2014
"Kepler-1979 b",18.50845260000,0.1383000000,1.028000,"Transit",2023
"Kepler-364 c",59.98062700000,0.3120000000,,"Transit",2014
"Kepler-365 b",10.66490300000,0.0980000000,,"Transit",2014
"Kepler-427 b",10.29099400000,0.0910000000,0.960000,"Transit",2014
"Kepler-366 b",3.28195900000,0.0450000000,,"Transit",2014
"Kepler-354 b",5.47666000000,0.0540000000,,"Transit",2014
"Kepler-367 b",37.81572400000,0.2010000000,,"Transit",2014
"Kepler-368 b",26.84768000000,0.1860000000,,"Transit",2014
"Kepler-369 c",14.87157200000,0.0940000000,,"Transit",2014
"Kepler-370 c",19.02293000000,0.1400000000,,"Transit",2014
"Kepler-371 b",34.76327800000,0.2000000000,,"Transit",2014
"Kepler-372 c",20.05376300000,0.1540000000,,"Transit",2014
"Kepler-373 b",5.53530900000,0.0600000000,,"Transit",2014
"Kepler-374 c",3.28280700000,0.0420000000,,"Transit",2014
"Kepler-355 c",25.76229400000,0.1790000000,,"Transit",2014
"Kepler-375 c",19.98632600000,0.1410000000,,"Transit",2014
"Kepler-356 c",13.12163200000,0.1150000000,,"Transit",2014
"Kepler-376 c",14.17232700000,0.1150000000,,"Transit",2014
"Kepler-377 c",27.01497600000,0.1820000000,,"Transit",2014
"Kepler-12 b",4.43796290000,0.0553000000,1.166000,"Transit",2011
"Kepler-378 b",16.09236100000,0.1120000000,,"Transit",2014
"Kepler-379 c",62.78469700000,0.3260000000,,"Transit",2014
"Kepler-122 b",5.76619300000,0.0640000000,,"Transit",2014
"Kepler-112 c",28.57426300000,0.1720000000,,"Transit",2014
"Kepler-2001 c",14.09258318900,0.1084000000,0.864000,"Transit",2023
"Kepler-18 d",14.85888000000,0.1172000000,0.972000,"Transit",2011
"Kepler-357 d",49.49987500000,0.2460000000,,"Transit",2014
"Kepler-114 b",5.18854900000,0.0530000000,,"Transit",2014
"Kepler-358 c",83.48836900000,0.3810000000,,"Transit",2014
"Kepler-353 c",8.41089400000,0.0650000000,,"Transit",2014
"Kepler-110 c",31.71977500000,0.1980000000,,"Transit",2014
"Kepler-1995 b",73.75788750000,0.3259000000,0.847000,"Transit",2023
"Kepler-359 c",57.68802000000,0.3070000000,,"Transit",2014
"Kepler-360 b",3.28967200000,0.0440000000,,"Transit",2014
"Kepler-67 b",15.72590000000,0.1171000000,0.865000,"Transit",2013
"Kepler-103 c",179.60978000000,0.6679000000,1.212000,"Transit",2014
"Kepler-104 d",51.75539400000,0.2570000000,,"Transit",2014
"Kepler-101 c",6.02976000000,0.0684000000,1.170000,"Transit",2014
"Kepler-20 f",19.57832800000,0.1387000000,0.929000,"Transit",2011
"Kepler-33 b",5.66793000000,0.0677000000,1.291000,"Transit",2011
"Kepler-102 f",27.45359200000,0.1656000000,0.803000,"Transit",2014
"Kepler-102 c",7.07139200000,0.0670200000,0.803000,"Transit",2014
"Kepler-102 b",5.28696500000,0.0552100000,0.803000,"Transit",2014
"KOI-94 b",3.74320800000,0.0511900000,1.277000,"Transit",2013
"Kepler-37 c",21.30184800000,0.1390000000,0.790000,"Transit",2013
"Kepler-37 b",13.36702000000,0.1019000000,0.790000,"Transit",2013
"Kepler-68 c",9.60502700000,0.0900800000,1.057000,"Transit",2013
"Kepler-49 e",18.59610800000,0.1160000000,,"Transit",2014
"Kepler-34 b",288.82200000000,1.0896000000,1.047900,"Transit",2011
"Kepler-115 b",2.40367900000,0.0360000000,,"Transit",2014
"Kepler-116 c",13.07163000000,0.1160000000,,"Transit",2014
"Kepler-50 c",9.37647000000,0.0870000000,1.240000,"Transit",2012
"Kepler-280 c",4.80709100000,0.0560000000,,"Transit",2014
"Kepler-281 b",14.64600800000,0.1170000000,,"Transit",2014
"Kepler-1991 b",13.26079792000,0.1065000000,0.914000,"Transit",2023
"Kepler-285 c",6.18667600000,0.0640000000,,"Transit",2014
"Kepler-288 b",6.09732600000,0.0650000000,,"Transit",2014
"Kepler-1987 e",8.74292005000,0.0765000000,0.799000,"Transit",2023
"Kepler-291 c",5.70078600000,0.0650000000,,"Transit",2014
"Kepler-292 e",11.97901000000,0.0970000000,,"Transit",2014
"Kepler-293 c",54.15574300000,0.2860000000,,"Transit",2014
"Kepler-129 c",82.20000000000,0.3900000000,1.178000,"Transit",2014
"Kepler-298 c",22.92881000000,0.1360000000,,"Transit",2014
"Kepler-299 d",15.05478600000,0.1180000000,,"Transit",2014
"Kepler-300 b",10.44634700000,0.0940000000,,"Transit",2014
"Kepler-303 c",7.06114900000,0.0570000000,,"Transit",2014
"Kepler-126 b",10.49571100000,0.0990000000,,"Transit",2014
"Kepler-380 b",3.93082100000,0.0500000000,,"Transit",2014
"Kepler-129 b",15.79000000000,0.1300000000,1.178000,"Transit",2014
"Kepler-136 c",16.39923500000,0.1330000000,,"Transit",2014
"Kepler-138 b",10.31340000000,0.0753000000,0.535000,"Transit",2014
"Kepler-381 c",13.39163500000,0.1170000000,,"Transit",2014
"Kepler-126 d",100.28313400000,0.4480000000,,"Transit",2014
"Kepler-139 c",157.07287800000,0.5860000000,,"Transit",2014
"Kepler-141 b",3.10767500000,0.0390000000,,"Transit",2014
"Kepler-430 b",35.96800000000,0.2244000000,1.166000,"Transit",2015
"Kepler-382 b",5.26215500000,0.0550000000,,"Transit",2014
"Kepler-142 d",41.80911800000,0.2420000000,,"Transit",2014
"Kepler-135 b",6.00253000000,0.0670000000,,"Transit",2014
"Kepler-144 c",10.10466500000,0.0940000000,,"Transit",2014
"Kepler-1655 b",11.87287870000,0.1029000000,1.030000,"Transit",2018
"Kepler-383 b",12.90453200000,0.0950000000,,"Transit",2014
"Kepler-384 b",22.59705300000,0.1480000000,,"Transit",2014
"Kepler-147 b",12.61058400000,0.1130000000,,"Transit",2014
"Kepler-132 d",18.01019900000,0.1360000000,,"Transit",2014
"Kepler-151 c",24.67461200000,0.1600000000,,"Transit",2014
"Kepler-385 c",15.16316100000,0.1270000000,,"Transit",2014
"Kepler-386 c",25.19345800000,0.1550000000,,"Transit",2014
"Kepler-387 b",6.79163600000,0.0680000000,,"Transit",2014
"Kepler-155 c",52.66179300000,0.2420000000,,"Transit",2014
"Kepler-388 b",3.17331500000,0.0360000000,,"Transit",2014
"Kepler-389 b",3.24410700000,0.0410000000,,"Transit",2014
"Kepler-161 c",7.06424000000,0.0680000000,,"Transit",2014
"Kepler-118 b",7.51849600000,0.0730000000,,"Transit",2014
"Kepler-163 b",7.81093700000,0.0780000000,,"Transit",2014
"Kepler-137 c",18.73575300000,0.1300000000,,"Transit",2014
"Kepler-164 e",94.88690200000,0.4025000000,0.966000,"Transit",2023
"Kepler-390 b",6.73808800000,0.0650000000,,"Transit",2014
"Kepler-139 b",15.77104400000,0.1270000000,,"Transit",2014
"KOI-2513.01",19.00547000000,0.5000000000,0.910000,"Transit",2023
"Kepler-111 c",224.77833000000,0.7510000000,1.118000,"Transit",2014
"Kepler-167 d",21.80379000000,0.1404000000,0.777000,"Transit",2016
"Kepler-169 c",6.19546900000,0.0620000000,,"Transit",2014
"Kepler-172 d",14.62711900000,0.1180000000,,"Transit",2014
"Kepler-391 b",7.41750000000,0.0830000000,1.270000,"Transit",2014
"Kepler-173 b",4.26374200000,0.0480000000,,"Transit",2014
"Kepler-175 c",34.03525700000,0.2130000000,,"Transit",2014
"Kepler-180 b",13.81712400000,0.1090000000,,"Transit",2014
"Kepler-140 b",3.25427000000,0.0450000000,,"Transit",2014
"Kepler-182 b",9.82579200000,0.0960000000,,"Transit",2014
"Kepler-1998 b",3.03267135000,0.0405000000,0.962000,"Transit",2023
"Kepler-392 b",5.34185300000,0.0590000000,,"Transit",2014
"Kepler-122 d",21.58747500000,0.1550000000,,"Transit",2014
"Kepler-185 b",1.63290000000,0.0260000000,,"Transit",2014
"Kepler-133 c",31.51758600000,0.2040000000,,"Transit",2014
"Kepler-393 b",9.18241700000,0.0910000000,,"Transit",2014
"Kepler-186 e",22.40770400000,0.1100000000,0.478000,"Transit",2014
"Kepler-394 b",8.00501300000,0.0830000000,,"Transit",2014
"KOI-134 b",67.12770000000,0.3630000000,1.407000,"Transit",2025
"Kepler-187 b",4.93886400000,0.0590000000,,"Transit",2014
"Kepler-1994 b",4.61225043000,0.0530000000,0.932000,"Transit",2023
"Kepler-189 b",10.39993100000,0.0880000000,,"Transit",2014
"Kepler-190 c",3.76302400000,0.0450000000,,"Transit",2014
"Kepler-1652 b",38.09722000000,0.1654000000,0.404000,"Transit",2017
"Kepler-191 c",17.73850600000,0.1280000000,,"Transit",2014
"Kepler-395 c",34.98926200000,0.1770000000,,"Transit",2014
"Kepler-132 c",6.41491400000,0.0680000000,,"Transit",2014
"Kepler-619 d",11.67894236000,0.1021000000,1.041000,"Transit",2023
"Kepler-137 b",8.43638700000,0.0770000000,,"Transit",2014
"Kepler-51 d",130.19400000000,0.5090000000,1.040000,"Transit",2014
"Kepler-132 b",6.17819600000,0.0670000000,,"Transit",2014
"Kepler-51 c",85.31200000000,0.3840000000,1.040000,"Transit",2012
"Kepler-397 c",135.49852700000,0.4800000000,,"Transit",2014
"Kepler-122 e",37.99327300000,0.2270000000,,"Transit",2014
"Kepler-198 c",49.56741600000,0.2590000000,,"Transit",2014
"Kepler-1869 c",1.71682830400,0.0280000000,0.987000,"Transit",2023
"Kepler-398 b",4.08142300000,0.0440000000,,"Transit",2014
"Kepler-201 c",151.88405800000,0.5730000000,,"Transit",2014
"Kepler-136 b",11.57890000000,0.1060000000,,"Transit",2014
"Kepler-203 d",11.32972000000,0.1000000000,,"Transit",2014
"Kepler-399 d",58.03461600000,0.2610000000,,"Transit",2014
"Kepler-400 b",9.02438900000,0.0870000000,,"Transit",2014
"Kepler-138 c",13.78150000000,0.0913000000,0.535000,"Transit",2014
"Kepler-401 b",14.38303500000,0.1220000000,,"Transit",2014
"Kepler-204 c",25.66059300000,0.1730000000,,"Transit",2014
"Kepler-402 c",6.12482100000,0.0680000000,,"Transit",2014
"Kepler-206 b",7.78198700000,0.0780000000,,"Transit",2014
"Kepler-403 b",7.03146200000,0.0760000000,,"Transit",2014
"Kepler-208 c",7.46662300000,0.0790000000,,"Transit",2014
"Kepler-211 b",4.13857500000,0.0480000000,,"Transit",2014
"Kepler-212 b",16.25758200000,0.1330000000,,"Transit",2014
"Kepler-213 c",4.82296200000,0.0570000000,,"Transit",2014
"Kepler-404 b",11.82985100000,0.1020000000,,"Transit",2014
"Kepler-215 c",14.66710800000,0.1130000000,,"Transit",2014
"Kepler-134 b",5.31742900000,0.0600000000,,"Transit",2014
"Kepler-221 d",10.04156000000,0.0870000000,,"Transit",2014
"Kepler-221 e",18.36991700000,0.1300000000,,"Transit",2014
"Kepler-1876 b",6.99205000000,0.0758000000,1.187000,"Transit",2021
"Kepler-221 b",2.79590600000,0.0370000000,,"Transit",2014
"Kepler-130 c",27.50868000000,0.1780000000,1.000000,"Transit",2014
"Kepler-224 e",18.64357700000,0.1240000000,,"Transit",2014
"Kepler-226 d",8.10904400000,0.0760000000,,"Transit",2014
"Kepler-52 d",36.44517100000,0.1820000000,,"Transit",2014
"Kepler-231 b",10.06527500000,0.0740000000,,"Transit",2014
"Kepler-1985 b",3.42064689000,0.0426000000,0.877000,"Transit",2023
"Kepler-235 c",7.82490400000,0.0650000000,,"Transit",2014
"Kepler-236 b",8.29561100000,0.0650000000,,"Transit",2014
"Kepler-237 b",4.71510600000,0.0500000000,,"Transit",2014
"Kepler-141 c",7.01060600000,0.0670000000,,"Transit",2014
"Kepler-123 c",26.69507400000,0.1810000000,,"Transit",2014
"Kepler-239 c",56.22809800000,0.2680000000,,"Transit",2014
"Kepler-243 c",20.02621800000,0.1420000000,,"Transit",2014
"Kepler-245 c",17.46081200000,0.1240000000,,"Transit",2014
"Kepler-46 d",6.76658900000,0.0670000000,,"Transit",2014
"Kepler-142 c",4.76170200000,0.0570000000,,"Transit",2014
"Kepler-246 c",11.18716100000,0.0950000000,,"Transit",2014
"Kepler-250 d",17.64831200000,0.1270000000,,"Transit",2014
"Kepler-251 e",99.64016100000,0.4040000000,,"Transit",2014
"Kepler-26 e",46.82791500000,0.2200000000,,"Transit",2014
"Kepler-252 b",6.66839100000,0.0580000000,,"Transit",2014
"Kepler-255 b",5.71460600000,0.0630000000,,"Transit",2014
"Kepler-256 d",5.83917200000,0.0640000000,,"Transit",2014
"Kepler-258 c",33.65307900000,0.1930000000,,"Transit",2014
"Kepler-260 c",76.05017800000,0.3320000000,,"Transit",2014
"Kepler-261 c",24.57085800000,0.1560000000,,"Transit",2014
"Kepler-264 c",140.10126100000,0.5660000000,,"Transit",2014
"Kepler-125 c",5.77446400000,0.0510000000,,"Transit",2014
"Kepler-265 b",6.84626200000,0.0690000000,,"Transit",2014
"Kepler-266 c",107.72360100000,0.4570000000,,"Transit",2014
"Kepler-267 c",6.87745000000,0.0600000000,,"Transit",2014
"Kepler-269 c",8.12789900000,0.0810000000,,"Transit",2014
"Kepler-272 d",10.93730400000,0.0910000000,,"Transit",2014
"Kepler-275 d",35.67606200000,0.2240000000,,"Transit",2014
"Kepler-206 d",23.44281000000,0.1630000000,,"Transit",2014
"Kepler-208 e",16.25945800000,0.1320000000,,"Transit",2014
"Kepler-344 c",125.59680900000,0.4880000000,,"Transit",2014
"Kepler-345 b",7.41556300000,0.0660000000,,"Transit",2014
"Kepler-346 c",23.85154900000,0.1680000000,,"Transit",2014
"Kepler-349 c",12.24762900000,0.1050000000,,"Transit",2014
"Kepler-350 b",11.18956200000,0.1040000000,,"Transit",2014
"Kepler-351 b",37.05491900000,0.2140000000,,"Transit",2014
"Kepler-352 b",10.05537000000,0.0850000000,,"Transit",2014
"Kepler-267 d",28.46451500000,0.1540000000,,"Transit",2014
"Kepler-353 b",5.79527800000,0.0510000000,,"Transit",2014
"Kepler-85 d",17.91323000000,0.1300000000,,"Transit",2014
"Kepler-85 e",25.21675100000,0.1630000000,,"Transit",2014
"Kepler-354 d",24.20984200000,0.1460000000,,"Transit",2014
"Kepler-355 b",11.03189000000,0.1020000000,,"Transit",2014
"Kepler-356 b",4.61269600000,0.0570000000,,"Transit",2014
"Kepler-357 b",6.47543400000,0.0630000000,,"Transit",2014
"Kepler-357 c",16.85837000000,0.1200000000,,"Transit",2014
"Kepler-358 b",34.06046700000,0.2100000000,,"Transit",2014
"Kepler-359 b",25.56322200000,0.1780000000,,"Transit",2014
"Kepler-360 c",7.18643400000,0.0750000000,,"Transit",2014
"Kepler-363 c",7.54242700000,0.0790000000,,"Transit",2014
"Kepler-363 b",3.61456800000,0.0480000000,,"Transit",2014
"Kepler-364 b",25.74571800000,0.1780000000,,"Transit",2014
"Kepler-272 b",2.97135300000,0.0380000000,,"Transit",2014
"Kepler-366 c",12.51616000000,0.1100000000,,"Transit",2014
"Kepler-367 c",53.57863700000,0.2530000000,,"Transit",2014
"Kepler-143 c",27.08251100000,0.1810000000,,"Transit",2014
"Kepler-369 b",2.73275600000,0.0300000000,,"Transit",2014
"Kepler-370 b",4.57953000000,0.0540000000,,"Transit",2014
"Kepler-373 c",16.72594800000,0.1260000000,,"Transit",2014
"Kepler-374 d",5.02821900000,0.0560000000,,"Transit",2014
"Kepler-374 b",1.89780600000,0.0290000000,,"Transit",2014
"Kepler-375 b",12.12593400000,0.1010000000,,"Transit",2014
"Kepler-376 b",4.92019900000,0.0570000000,,"Transit",2014
"Kepler-377 b",12.50952900000,0.1090000000,,"Transit",2014
"Kepler-380 c",7.63000400000,0.0780000000,,"Transit",2014
"Kepler-381 b",5.62902100000,0.0660000000,,"Transit",2014
"Kepler-1987 c",3.64830183000,0.0427000000,0.799000,"Transit",2023
"Kepler-382 c",12.16270100000,0.0970000000,,"Transit",2014
"Kepler-383 c",31.20075100000,0.1720000000,,"Transit",2014
"Kepler-384 c",45.34826900000,0.2360000000,,"Transit",2014
"Kepler-385 b",10.04368600000,0.0970000000,,"Transit",2014
"Kepler-387 c",11.83754900000,0.0980000000,,"Transit",2014
"Kepler-388 c",13.29700400000,0.0930000000,,"Transit",2014
"Kepler-1987 b",2.34586300200,0.0318000000,0.799000,"Transit",2023
"Kepler-393 c",14.61361200000,0.1240000000,,"Transit",2014
"Kepler-394 c",12.13068600000,0.1100000000,,"Transit",2014
"Kepler-292 c",3.71533500000,0.0450000000,,"Transit",2014
"Kepler-395 b",7.05434600000,0.0610000000,,"Transit",2014
"Kepler-292 b",2.58082700000,0.0350000000,,"Transit",2014
"Kepler-298 d",77.47363300000,0.3050000000,,"Transit",2014
"Kepler-299 b",2.92712800000,0.0400000000,,"Transit",2014
"Kepler-301 d",13.75124300000,0.1120000000,,"Transit",2014
"Kepler-301 c",5.41902600000,0.0600000000,,"Transit",2014
"Kepler-304 d",9.65347100000,0.0800000000,,"Transit",2014
"Kepler-304 c",5.31594600000,0.0540000000,,"Transit",2014
"Kepler-54 d",20.99569400000,0.1260000000,,"Transit",2014
"Kepler-306 d",17.32664400000,0.1200000000,,"Transit",2014
"Kepler-306 e",44.84097500000,0.2270000000,,"Transit",2014
"Kepler-84 e",27.43438900000,0.1810000000,,"Transit",2014
"Kepler-84 d",4.22453700000,0.0520000000,,"Transit",2014
"Kepler-84 f",44.55216900000,0.2500000000,,"Transit",2014
"Kepler-310 d",92.87612500000,0.3920000000,,"Transit",2014
"Kepler-55 e",4.61753400000,0.0480000000,,"Transit",2014
"Kepler-310 b",13.93069800000,0.1110000000,,"Transit",2014
"Kepler-311 c",19.73828600000,0.1450000000,,"Transit",2014
"Kepler-313 c",32.27327300000,0.2080000000,,"Transit",2014
"Kepler-142 b",2.02415200000,0.0320000000,,"Transit",2014
"Kepler-314 b",2.46106900000,0.0350000000,,"Transit",2014
"Kepler-55 f",10.19854500000,0.0810000000,,"Transit",2014
"Kepler-316 b",2.24050800000,0.0270000000,,"Transit",2014
"Kepler-949 c",20.99757968000,0.1394000000,0.817000,"Transit",2023
"Kepler-317 c",8.77501000000,0.0830000000,,"Transit",2014
"Kepler-318 c",11.81500700000,0.1050000000,,"Transit",2014
"Kepler-411 b",3.00515600000,0.0375000000,0.870000,"Transit",2013
"Kepler-319 d",31.78192500000,0.1910000000,,"Transit",2014
"Kepler-319 b",4.36270500000,0.0510000000,,"Transit",2014
"Kepler-321 b",4.91537900000,0.0570000000,,"Transit",2014
"Kepler-322 b",1.65388800000,0.0270000000,,"Transit",2014
"Kepler-323 b",1.67832800000,0.0277800000,1.015000,"Transit",2014
"Kepler-250 b",4.14814100000,0.0480000000,,"Transit",2014
"Kepler-324 b",4.38531500000,0.0500000000,,"Transit",2014
"Kepler-325 c",12.76217200000,0.1050000000,,"Transit",2014
"Kepler-325 d",38.71518500000,0.2200000000,,"Transit",2014
"Kepler-326 b",2.24832900000,0.0320000000,,"Transit",2014
"Kepler-326 d",6.76688800000,0.0660000000,,"Transit",2014
"Kepler-975 c",5.05821338000,0.0567000000,0.951000,"Transit",2023
"Kepler-256 b",1.62049300000,0.0270000000,,"Transit",2014
"Kepler-416 d",3.07644709000,0.0407000000,0.949000,"Transit",2023
"Kepler-327 d",13.96945700000,0.0900000000,,"Transit",2014
"Kepler-327 c",5.21233300000,0.0470000000,,"Transit",2014
"Kepler-1996 b",32.37618300000,0.1789000000,0.748000,"Transit",2023
"Kepler-329 b",7.41639700000,0.0610000000,,"Transit",2014
"Kepler-11 f",46.68880000000,0.2500000000,0.961000,"Transit",2010
"Kepler-330 b",8.25978000000,0.0750000000,,"Transit",2014
"Kepler-331 c",17.28111000000,0.1050000000,,"Transit",2014
"Kepler-256 e",10.68157200000,0.0960000000,,"Transit",2014
"Kepler-331 d",32.13432800000,0.1590000000,,"Transit",2014
"Kepler-333 c",24.08821000000,0.1350000000,,"Transit",2014
"Kepler-334 b",5.47031900000,0.0610000000,,"Transit",2014
"Kepler-334 d",25.09849000000,0.1680000000,,"Transit",2014
"Kepler-336 c",9.60000100000,0.0920000000,,"Transit",2014
"Kepler-138 d",23.09230000000,0.1288000000,0.535000,"Transit",2014
"Kepler-336 b",2.02482300000,0.0330000000,,"Transit",2014
"Kepler-337 b",3.29278100000,0.0450000000,,"Transit",2014
"Kepler-338 c",24.31085600000,0.1720000000,,"Transit",2014
"Kepler-338 d",44.43101400000,0.2570000000,,"Transit",2014
"Kepler-339 d",10.55834500000,0.0910000000,,"Transit",2014
"Kepler-339 c",6.98805500000,0.0690000000,,"Transit",2014
"Kepler-341 d",27.66631300000,0.1820000000,,"Transit",2014
"Kepler-341 b",5.19552800000,0.0600000000,,"Transit",2014
"Kepler-341 e",42.47326900000,0.2420000000,,"Transit",2014
"Kepler-342 d",39.45935700000,0.2420000000,,"Transit",2014
"Kepler-35 b",131.45800000000,0.6034700000,0.887700,"Transit",2011
"Kepler-38 b",105.59900000000,0.4632000000,0.941000,"Transit",2012
"Kepler-230 c",91.77324200000,0.3800000000,,"Transit",2014
"Kepler-233 c",60.41895500000,0.2870000000,,"Transit",2014
"Kepler-81 d",20.83784600000,0.1280000000,,"Transit",2014
"Kepler-32 f",0.74296000000,0.0130000000,0.580000,"Transit",2012
"Kepler-262 b",13.06085500000,0.1080000000,,"Transit",2014
"Kepler-263 c",47.33277300000,0.2420000000,,"Transit",2014
"Kepler-265 e",67.83102400000,0.3190000000,,"Transit",2014
"Kepler-265 d",43.13061700000,0.2360000000,,"Transit",2014
"Kepler-763 c",4.09667624000,0.0466000000,0.800000,"Transit",2023
"Kepler-24 e",18.99835500000,0.1380000000,,"Transit",2014
"Kepler-22 b",289.86387600000,0.8120000000,0.857000,"Transit",2011
"Kepler-24 d",4.24438400000,0.0510000000,,"Transit",2014
"Kepler-270 c",25.26288700000,0.1800000000,,"Transit",2014
"Kepler-784 c",17.15723600000,0.1309000000,1.016000,"Transit",2023
"Kepler-282 b",9.22052400000,0.0820000000,,"Transit",2014
"Kepler-282 c",13.63872300000,0.1060000000,,"Transit",2014
"Kepler-283 c",92.74371100000,0.3410000000,,"Transit",2014
"Kepler-286 e",29.22128900000,0.1760000000,,"Transit",2014
"Kepler-288 d",56.63374200000,0.2870000000,,"Transit",2014
"Kepler-58 d",40.10137100000,0.2360000000,,"Transit",2014
"Kepler-58 e",4.45814897000,0.0533000000,1.017000,"Transit",2023
"Kepler-290 d",0.76401755300,0.0154000000,0.840000,"Transit",2023
"Kepler-295 c",21.52625800000,0.1420000000,,"Transit",2014
"Kepler-101 b",3.48768120000,0.0474000000,1.170000,"Transit",2014
"Kepler-295 d",33.88405400000,0.1920000000,,"Transit",2014
"Kepler-299 e",38.28548900000,0.2200000000,,"Transit",2014
"Kepler-1669 d",4.72941177000,0.0468000000,0.609000,"Transit",2023
"Kepler-69 c",242.46130000000,0.6400000000,0.810000,"Transit",2013
"Kepler-864 c",2.42150341000,0.0382000000,1.270000,"Transit",2023
"Kepler-865 c",6.20920207000,0.0610000000,0.782000,"Transit",2023
"Kepler-87 c",191.23180000000,0.6760000000,1.100000,"Transit",2013
"Kepler-308 c",15.38231000000,0.1230000000,,"Transit",2014
"Kepler-124 d",30.95085100000,0.1700000000,,"Transit",2014
"Kepler-124 b",3.41049300000,0.0390000000,,"Transit",2014
"Kepler-2000 c",20.61803480000,0.1228000000,0.581000,"Transit",2023
"Kepler-397 b",22.25094900000,0.1440000000,,"Transit",2014
"Kepler-398 c",11.41941200000,0.0870000000,,"Transit",2014
"Kepler-399 b",14.42528100000,0.1030000000,,"Transit",2014
"Kepler-399 c",26.67569000000,0.1550000000,,"Transit",2014
"Kepler-126 c",21.86974100000,0.1620000000,,"Transit",2014
"Kepler-400 c",17.34082400000,0.1340000000,,"Transit",2014
"Kepler-401 c",47.31821800000,0.2690000000,,"Transit",2014
"Kepler-402 e",11.24286100000,0.1020000000,,"Transit",2014
"Kepler-402 b",4.02875100000,0.0510000000,,"Transit",2014
"Kepler-402 d",8.92109900000,0.0870000000,,"Transit",2014
"Kepler-403 c",54.28074900000,0.2970000000,,"Transit",2014
"Kepler-404 c",14.75116600000,0.1180000000,,"Transit",2014
"Kepler-127 b",14.43588900000,0.1250000000,,"Transit",2014
"Kepler-11 g",118.38070000000,0.4660000000,0.961000,"Transit",2010
"Kepler-51 b",45.15400000000,0.2514000000,1.040000,"Transit",2012
"Kepler-27 c",31.33090000000,0.1910000000,0.650000,"Transit",2011
"Kepler-209 c",41.74988200000,0.2310000000,,"Transit",2014
"Kepler-229 d",41.19491200000,0.2200000000,,"Transit",2014
"Kepler-1894 c",5.05368985000,0.0576000000,0.999000,"Transit",2023
"Kepler-130 d",87.51790500000,0.3770000000,,"Transit",2014
"Kepler-30 b",29.33434000000,0.1800000000,0.990000,"Transit",2012
"Kepler-75 b",8.88491160000,0.0818000000,0.910000,"Transit",2013
"Kepler-156 c",15.90680100000,0.1170000000,,"Transit",2014
"Kepler-1992 b",15.61122380000,0.1169000000,0.874000,"Transit",2023
"Kepler-405 c",29.72668200000,0.1880000000,,"Transit",2014
"Kepler-405 b",10.61383900000,0.0950000000,,"Transit",2014
"Kepler-1983 b",7.32851947000,0.0689000000,0.812000,"Transit",2023
"Kepler-431 d",11.92200000000,0.1045000000,1.071000,"Transit",2015
"Kepler-431 b",6.80300000000,0.0719000000,1.071000,"Transit",2015
"Kepler-431 c",8.70300000000,0.0847000000,1.071000,"Transit",2015
"Kepler-1977 b",4.53702121000,0.0486000000,0.769000,"Transit",2023
"Kepler-134 c",10.10578500000,0.0920000000,,"Transit",2014
"Kepler-135 c",11.44870800000,0.1030000000,,"Transit",2014
"Kepler-139 d",7.30569992200,0.0755533961,1.078000,"Transit",2023
"Kepler-140 c",91.35328200000,0.4140000000,,"Transit",2014
"Kepler-149 c",55.32832800000,0.2810000000,,"Transit",2014
"Kepler-150 b",3.42805400000,0.0440000000,,"Transit",2014
"Kepler-164 b",5.03503000000,0.0580000000,,"Transit",2014
"Kepler-169 b",3.25061900000,0.0400000000,,"Transit",2014
"Kepler-169 d",8.34812500000,0.0750000000,,"Transit",2014
"Kepler-169 f",87.09019500000,0.3590000000,,"Transit",2014
"Kepler-171 d",39.59551900000,0.2230000000,,"Transit",2014
"Kepler-172 e",35.11873600000,0.2110000000,,"Transit",2014
"Kepler-174 d",247.35373000000,0.6770000000,,"Transit",2014
"Kepler-191 b",9.93963200000,0.0870000000,,"Transit",2014
"Kepler-117 c",50.79039100000,0.2804000000,1.129000,"Transit",2014
"Kepler-194 d",52.81497300000,0.2750000000,,"Transit",2014
"Kepler-195 c",34.09686300000,0.1970000000,,"Transit",2014
"Kepler-197 e",25.20971500000,0.1640000000,,"Transit",2014
"Kepler-200 c",10.22215700000,0.0900000000,,"Transit",2014
"Kepler-1990 c",4.06844957000,0.0504000000,1.028000,"Transit",2023
"Kepler-208 d",11.13178600000,0.1030000000,,"Transit",2014
"Kepler-215 e",68.16101000000,0.3140000000,,"Transit",2014
"Kepler-217 c",8.58600400000,0.0890000000,,"Transit",2014
"Kepler-220 d",28.12239700000,0.1630000000,,"Transit",2014
"Kepler-220 e",45.90273300000,0.2260000000,,"Transit",2014
"Kepler-220 b",4.15980700000,0.0460000000,,"Transit",2014
"Kepler-656 c",5.25449393000,0.0602000000,1.050000,"Transit",2023
"Kepler-62 c",12.44170000000,0.0929000000,0.690000,"Transit",2013
"Kepler-62 f",267.29100000000,0.7180000000,0.690000,"Transit",2013
"Kepler-154 c",62.30327600000,0.3030000000,,"Transit",2014
"Kepler-368 c",72.37933400000,0.3600000000,,"Transit",2014
"Kepler-149 b",29.19894300000,0.1840000000,,"Transit",2014
"Kepler-371 c",67.96801500000,0.3130000000,,"Transit",2014
"Kepler-167 b",4.39315390000,0.0482500000,0.777000,"Transit",2014
"Kepler-372 d",30.09256800000,0.2010000000,,"Transit",2014
"Kepler-372 b",6.84969200000,0.0750000000,,"Transit",2014
"Kepler-9 b",19.23891000000,0.1430000000,1.022000,"Transit",2010
"Kepler-440 b",101.11141000000,0.2420000000,0.575000,"Transit",2015
"Kepler-1814 c",0.62628176600,0.0133000000,0.790000,"Transit",2023
"Kepler-234 b",2.71150600000,0.0400000000,,"Transit",2014
"Kepler-1162 c",59.28406400000,0.2832000000,0.861000,"Transit",2023
"Kepler-378 c",28.90600900000,0.1660000000,,"Transit",2014
"Kepler-379 b",20.09838000000,0.1520000000,,"Transit",2014
"Kepler-1181 c",8.93484887000,0.0928000000,1.336000,"Transit",2023
"Kepler-1982 b",3.82315697000,0.0511000000,1.213000,"Transit",2023
"Kepler-198 b",17.79003700000,0.1310000000,,"Transit",2014
"Kepler-5 b",3.54846570000,0.0538000000,1.374000,"Transit",2009
"Kepler-430 c",110.97900000000,0.4757000000,1.166000,"Transit",2015
"Kepler-146 b",31.15879900000,0.2000000000,,"Transit",2014
"Kepler-186 f",129.94410000000,0.4320000000,0.544000,"Transit",2014
"Kepler-386 b",12.31043000000,0.0960000000,,"Transit",2014
"Kepler-157 c",13.54050000000,0.1100000000,,"Transit",2014
"Kepler-30 d",143.34394000000,0.5000000000,0.990000,"Transit",2012
"Kepler-1993 b",26.65657370000,0.1943000000,1.373000,"Transit",2023
"Kepler-390 c",13.06002200000,0.1010000000,,"Transit",2014
"Kepler-436 b",64.00205000000,0.3390000000,0.729000,"Transit",2015
"Kepler-391 c",20.50100000000,0.1640000000,1.270000,"Transit",2014
"Kepler-1859 c",3.59645081000,0.0473000000,1.090000,"Transit",2023
"Kepler-392 c",10.42311800000,0.0930000000,,"Transit",2014
"Kepler-10 b",0.83749070000,0.0168500000,0.910000,"Transit",2011
"Kepler-147 c",33.41642300000,0.2160000000,,"Transit",2014
"Kepler-235 b",3.34022200000,0.0370000000,,"Transit",2014
"Kepler-183 c",11.63707100000,0.1030000000,,"Transit",2014
"Kepler-444 b",3.60010530000,0.0417800000,0.758000,"Transit",2015
"Kepler-444 c",4.54588410000,0.0488100000,0.758000,"Transit",2015
"Kepler-444 d",6.18939200000,0.0600000000,0.758000,"Transit",2015
"Kepler-1610 c",44.98518850000,0.2323000000,0.825000,"Transit",2023
"Kepler-444 e",7.74349300000,0.0696000000,0.758000,"Transit",2015
"KOI-94 c",10.42364800000,0.1013000000,1.277000,"Transit",2013
"Kepler-444 f",9.74048600000,0.0811000000,0.758000,"Transit",2015
"Kepler-158 b",16.70918400000,0.1110000000,,"Transit",2014
"Kepler-1653 b",140.25240000000,0.4706000000,0.719000,"Transit",2017
"Kepler-236 c",23.96812700000,0.1320000000,,"Transit",2014
"Kepler-168 c",13.19324200000,0.1160000000,,"Transit",2014
"Kepler-1656 b",31.56200000000,0.1974000000,1.030000,"Transit",2018
"Kepler-441 b",207.24820000000,0.6400000000,0.572000,"Transit",2015
"Kepler-80 b",7.05246000000,0.0648000000,0.730000,"Transit",2012
"Kepler-117 b",18.79592280000,0.1445000000,1.129000,"Transit",2014
"Kepler-442 b",112.30530000000,0.4090000000,0.609000,"Transit",2015
"Kepler-443 b",177.66930000000,0.4950000000,0.738000,"Transit",2015
"KOI-4777.01",0.41200000000,0.0080000000,0.410000,"Transit",2022
"Kepler-10 c",45.29430100000,0.2410000000,0.910000,"Transit",2011
"Kepler-199 b",23.63760400000,0.1580000000,,"Transit",2014
"Kepler-1988 b",11.49500229000,0.1038000000,1.127000,"Transit",2023
"KOI-94 e",54.32031000000,0.3046000000,1.277000,"Transit",2013
"Kepler-237 c",8.10363600000,0.0710000000,,"Transit",2014
"Kepler-437 b",66.65062000000,0.2880000000,0.707000,"Transit",2015
"Kepler-1986 b",19.54896660000,0.1307000000,0.776000,"Transit",2023
"Kepler-150 c",7.38199800000,0.0730000000,,"Transit",2014
"Kepler-438 b",35.23319000000,0.1660000000,0.544000,"Transit",2015
"Kepler-274 b",11.63478800000,0.1010000000,,"Transit",2014
"Kepler-428 b",3.52563254000,0.0433000000,0.870000,"Transit",2014
"Kepler-274 c",33.19786100000,0.2040000000,,"Transit",2014
"Kepler-296 f",63.33627000000,0.2550000000,0.498000,"Transit",2014
"Kepler-880 c",11.80617370000,0.1216000000,1.714000,"Transit",2023
"Kepler-1471 c",11.60448810000,0.0981000000,0.934000,"Transit",2023
"Kepler-1997 b",26.75758660000,0.1815000000,1.111000,"Transit",2023
"Kepler-312 b",1.77241900000,0.0310000000,,"Transit",2014
"Kepler-239 b",11.76305100000,0.0950000000,,"Transit",2014
"Kepler-1487 c",35.80071120000,0.2588000000,1.801000,"Transit",2023
"Kepler-1984 b",1.99281233900,0.0238000000,0.450000,"Transit",2023
"Kepler-315 c",265.46933500000,0.7910000000,,"Transit",2014
"Kepler-1921 c",3.15722086000,0.0454000000,1.251000,"Transit",2023
"Kepler-240 c",7.95352800000,0.0740000000,,"Transit",2014
"Kepler-1980 b",33.02571790000,0.2049000000,1.049000,"Transit",2023
"Kepler-411 d",58.02035000000,0.2790000000,0.870000,"Transit",2018
"Kepler-159 b",10.13962300000,0.0820000000,,"Transit",2014
"Kepler-320 c",17.93493700000,0.1420000000,,"Transit",2014
"Kepler-320 b",8.37155400000,0.0850000000,,"Transit",2014
"Kepler-19 b",9.28699000000,0.0846000000,0.936000,"Transit",2011
"Kepler-169 e",13.76710200000,0.1050000000,,"Transit",2014
"Kepler-151 b",15.22895800000,0.1160000000,,"Transit",2014
"Kepler-27 b",15.33480000000,0.1180000000,0.650000,"Transit",2011
"Kepler-332 c",15.99562200000,0.1140000000,,"Transit",2014
"Kepler-241 b",12.71809200000,0.0940000000,,"Transit",2014
"Kepler-143 b",16.00758300000,0.1270000000,,"Transit",2014
"Kepler-332 d",34.21154000000,0.1890000000,,"Transit",2014
"Kepler-335 c",67.84446900000,0.3560000000,,"Transit",2014
"Kepler-340 b",14.84438700000,0.1340000000,,"Transit",2014
"PH2 b",282.52542000000,0.8330000000,0.966000,"Transit",2013
"Kepler-342 c",26.23413800000,0.1850000000,,"Transit",2014
"KOI-3680 b",141.24167100000,0.5340000000,1.010000,"Transit",2018
"Kepler-1514 b",217.83184000000,0.7530000000,1.196000,"Transit",2016
"Kepler-1514 c",10.51418100000,0.0997000000,1.196000,"Transit",2020
"Kepler-200 b",8.59480500000,0.0800000000,,"Transit",2014
"Kepler-343 c",23.22182000000,0.1670000000,,"Transit",2014
"Kepler-201 b",25.67208300000,0.1750000000,,"Transit",2014
"Kepler-454 b",10.57375340000,0.0952800000,1.030000,"Transit",2015
"Kepler-347 c",27.32087100000,0.1830000000,,"Transit",2014
"Kepler-202 b",4.06942700000,0.0450000000,,"Transit",2014
"Kepler-348 c",17.26542700000,0.1380000000,,"Transit",2014
"Kepler-203 b",3.16269700000,0.0430000000,,"Transit",2014
"Kepler-170 b",7.93059200000,0.0800000000,,"Transit",2014
"Kepler-154 b",33.04053200000,0.1980000000,,"Transit",2014
"Kepler-2001 b",1.09001100300,0.0197000000,0.864000,"Transit",2023
"Kepler-204 b",14.40097400000,0.1170000000,,"Transit",2014
"Kepler-1928 b",19.57783000000,0.1940000000,1.010000,"Transit",2021
"Kepler-171 b",4.16697200000,0.0500000000,,"Transit",2014
"Kepler-359 d",77.09569100000,0.3720000000,,"Transit",2014
"Kepler-172 b",2.94030900000,0.0400000000,,"Transit",2014
"Kepler-205 b",2.75564000000,0.0320000000,,"Transit",2014
"Kepler-242 b",8.20395000000,0.0750000000,,"Transit",2014
"Kepler-361 b",8.48661600000,0.0860000000,,"Transit",2014
"Kepler-206 c",13.13747100000,0.1110000000,,"Transit",2014
"Kepler-362 b",10.32718600000,0.0870000000,,"Transit",2014
"Kepler-173 c",8.00577700000,0.0740000000,,"Transit",2014
"Kepler-539 b",125.63243000000,0.4988000000,1.048000,"Transit",2016
"Kepler-1126 c",199.66876000000,0.6193000000,0.794000,"Transit",2023
"Kepler-365 c",17.78412900000,0.1370000000,,"Transit",2014
"Kepler-152 b",18.20797300000,0.1240000000,,"Transit",2014
"Kepler-439 b",178.13960000000,0.5630000000,0.884000,"Transit",2015
"Kepler-1801 c",116.58318300000,0.4572000000,0.936000,"Transit",2023
"Kepler-196 b",20.73988600000,0.1380000000,,"Transit",2014
"Kepler-243 b",5.71544200000,0.0620000000,,"Transit",2014
"KOI-351 e",91.93913000000,0.4200000000,1.200000,"Transit",2013
"Kepler-296 e",34.14211000000,0.1690000000,0.498000,"Transit",2014
"KOI-351 c",8.71937500000,0.0890000000,1.200000,"Transit",2013
"KOI-351 b",7.00815100000,0.0740000000,1.200000,"Transit",2013
"KOI-1599.02",13.60880000000,0.1122930000,1.020000,"Transit",2019
"KOI-351 f",124.91440000000,0.4800000000,1.200000,"Transit",2013
"Kepler-354 c",16.93440200000,0.1150000000,,"Transit",2014
"Kepler-389 c",14.51143000000,0.1100000000,,"Transit",2014
"Kepler-207 d",5.86807500000,0.0680000000,,"Transit",2014
"Kepler-244 b",4.31179200000,0.0500000000,,"Transit",2014
"Kepler-245 b",7.49019000000,0.0710000000,,"Transit",2014
"Kepler-208 b",4.22864000000,0.0540000000,,"Transit",2014
"Kepler-46 b",33.60134000000,0.1968000000,0.902000,"Transit",2012
"Kepler-209 b",16.08784500000,0.1220000000,,"Transit",2014
"Kepler-246 b",4.60182000000,0.0520000000,,"Transit",2014
"Kepler-144 b",5.88527300000,0.0660000000,,"Transit",2014
"Kepler-160 c",13.69942900000,0.1192000000,,"Transit",2014
"Kepler-82 b",26.44000000000,0.1683000000,0.910000,"Transit",2012
"Kepler-434 b",12.87470990000,0.1143000000,1.198000,"Transit",2015
"Kepler-247 c",9.43945200000,0.0840000000,,"Transit",2014
"Kepler-161 b",4.92135500000,0.0540000000,,"Transit",2014
"Kepler-184 b",10.68757600000,0.0920000000,,"Transit",2014
"Kepler-210 c",7.97251300000,0.0700000000,,"Transit",2014
"Kepler-211 c",6.04045000000,0.0620000000,,"Transit",2014
"Kepler-212 c",31.80517400000,0.2070000000,,"Transit",2014
"Kepler-435 b",8.60015360000,0.0948000000,1.538000,"Transit",2015
"Kepler-120 b",6.31250100000,0.0550000000,,"Transit",2014
"Kepler-121 b",3.17742200000,0.0390000000,,"Transit",2014
"Kepler-248 c",16.23949400000,0.1230000000,,"Transit",2014
"Kepler-249 c",7.11370200000,0.0580000000,,"Transit",2014
"Kepler-162 c",19.44635500000,0.1370000000,,"Transit",2014
"Kepler-185 c",20.72904200000,0.1390000000,,"Transit",2014
"Kepler-174 b",13.98179000000,0.1000000000,,"Transit",2014
"Kepler-175 b",11.90351500000,0.1050000000,,"Transit",2014
"Kepler-176 c",12.75971200000,0.1020000000,,"Transit",2014
"Kepler-186 c",7.26730200000,0.0451000000,0.478000,"Transit",2014
"Kepler-55 d",2.21109900000,0.0290000000,,"Transit",2014
"Kepler-1989 b",10.16102352800,0.0918000000,0.999000,"Transit",2023
"Kepler-187 c",10.64026300000,0.0990000000,,"Transit",2014
"Kepler-250 c",7.15680400000,0.0690000000,,"Transit",2014
"Kepler-122 c",12.46598800000,0.1080000000,,"Transit",2014
"Kepler-251 c",16.51404300000,0.1220000000,,"Transit",2014
"Kepler-188 c",5.99655300000,0.0660000000,,"Transit",2014
"Kepler-189 c",20.13486600000,0.1370000000,,"Transit",2014
"Kepler-103 b",15.96532870000,0.1330000000,1.212000,"Transit",2014
"Kepler-1981 b",453.54212000000,1.3292000000,1.519000,"Transit",2023
"Kepler-252 c",10.84846300000,0.0800000000,,"Transit",2014
"Kepler-213 b",2.46236000000,0.0360000000,,"Transit",2014
"Kepler-190 b",2.01999900000,0.0300000000,,"Transit",2014
"Kepler-311 d",232.04032600000,0.7326000000,0.974000,"Transit",2023
"Kepler-725 b",39.64372000000,0.2238000000,0.950000,"Transit",2016
"Kepler-1052 c",180.92172900000,0.6135000000,0.937000,"Transit",2023
"Kepler-253 c",10.28195100000,0.0890000000,,"Transit",2014
"Kepler-214 c",28.77980000000,0.1940000000,,"Transit",2014
"Kepler-1834 c",0.76669151700,0.0150000000,0.765000,"Transit",2023
"Kepler-1491 c",61.56976500000,0.3045000000,0.991000,"Transit",2023
"Kepler-109 b",6.48163070000,0.0701000000,1.094000,"Transit",2014
"Kepler-1518 c",9.63102580000,0.0905000000,1.060000,"Transit",2023
"Kepler-347 d",85.51734400000,0.3802000000,1.000000,"Transit",2023
"Kepler-215 d",30.86442300000,0.1850000000,,"Transit",2014
"Kepler-62 d",18.16406000000,0.1200000000,0.690000,"Transit",2013
"Kepler-425 b",3.79701816000,0.0464000000,0.930000,"Transit",2014
"Kepler-730 b",6.49168280800,0.0694000000,1.047000,"Transit",2016
"Kepler-192 b",9.92674600000,0.0900000000,,"Transit",2014
"Kepler-254 b",5.82666200000,0.0640000000,,"Transit",2014
"Kepler-31 b",20.86130000000,0.1600000000,1.210000,"Transit",2011
"Kepler-255 c",9.94604700000,0.0920000000,,"Transit",2014
"Kepler-33 d",21.77596000000,0.1662000000,1.291000,"Transit",2011
"Kepler-256 c",3.38802000000,0.0450000000,,"Transit",2014
"Kepler-39 b",21.08721000000,0.1640000000,1.290000,"Transit",2011
"Kepler-257 c",6.58148400000,0.0660000000,,"Transit",2014
"Kepler-216 c",17.40666900000,0.1360000000,,"Transit",2014
"Kepler-217 b",5.37494300000,0.0650000000,,"Transit",2014
"Kepler-218 c",44.69957600000,0.2480000000,,"Transit",2014
"Kepler-258 b",13.19722000000,0.1030000000,,"Transit",2014
"Kepler-193 b",11.38848000000,0.1060000000,,"Transit",2014
"Kepler-32 b",5.90124000000,0.0500000000,0.580000,"Transit",2011
"Kepler-259 b",8.11531700000,0.0790000000,,"Transit",2014
"Kepler-219 b",4.58551200000,0.0570000000,,"Transit",2014
"Kepler-178 b",9.57669400000,0.0850000000,,"Transit",2014
"Kepler-220 c",9.03419900000,0.0760000000,,"Transit",2014
"Kepler-452 b",384.84300000000,1.0460000000,1.037000,"Transit",2015
"Kepler-433 b",5.33408384000,0.0679000000,1.460000,"Transit",2015
"Kepler-221 c",5.69058600000,0.0590000000,,"Transit",2014
"Kepler-222 b",3.93698100000,0.0480000000,,"Transit",2014
"Kepler-163 c",21.34726200000,0.1520000000,,"Transit",2014
"Kepler-549 d",24.61480613000,0.1575000000,0.859000,"Transit",2023
"Kepler-7 b",4.88548920000,0.0606700000,1.359000,"Transit",2009
"Kepler-224 c",5.92500300000,0.0580000000,,"Transit",2014
"Kepler-225 c",18.79423400000,0.1110000000,,"Transit",2014
"KOI-12 b",17.85518200000,0.1540000000,1.500000,"Transit",2015
"Kepler-40 b",6.87349000000,0.0800000000,1.480000,"Transit",2010
"Kepler-1999 b",8.73967580000,0.0713000000,0.632000,"Transit",2023
"Kepler-164 c",10.94572300000,0.0970000000,,"Transit",2014
"Kepler-179 c",6.40013000000,0.0640000000,,"Transit",2014
"Kepler-165 b",8.18084800000,0.0720000000,,"Transit",2014
"Kepler-194 c",17.30803200000,0.1310000000,,"Transit",2014
"Kepler-226 c",5.34955500000,0.0580000000,,"Transit",2014
"Kepler-195 b",8.30787200000,0.0770000000,,"Transit",2014
"Kepler-227 b",9.48801500000,0.0900000000,,"Transit",2014
"Kepler-153 b",18.87022700000,0.1290000000,,"Transit",2014
"K2-44 b",5.65700000000,0.0600000000,1.150000,"Transit",2016
"K2-46 b",19.15410000000,0.1382100000,0.960000,"Transit",2016
"K2-8 c",5.06416000000,0.0532000000,0.780000,"Transit",2016
"K2-35 c",5.60835200000,0.0550000000,0.701968,"Transit",2016
"K2-42 b",6.68796000000,0.0617000000,0.702000,"Transit",2016
"Kepler-228 d",11.09428600000,0.1010000000,,"Transit",2014
"K2-45 b",1.72926840000,0.0224000000,0.503000,"Transit",2016
"K2-19 d",2.50827000000,0.0347800000,0.892000,"Transit",2016
"K2-35 b",2.39996400000,0.0310000000,0.701968,"Transit",2016
"Kepler-229 c",16.06863800000,0.1170000000,,"Transit",2014
"K2-47 b",31.63720000000,0.1779000000,0.750000,"Transit",2016
"K2-48 b",20.50650000000,0.1344000000,0.770000,"Transit",2016
"K2-49 b",2.77065000000,0.0309000000,0.510000,"Transit",2016
"K2-36 c",5.34088800000,0.0552800000,0.790000,"Transit",2016
"K2-36 b",1.42261400000,0.0228800000,0.790000,"Transit",2016
"Kepler-74 b",7.34071100000,0.0781000000,1.180000,"Transit",2013
"K2-50 b",8.75290000000,0.0705000000,0.611000,"Transit",2016
"WASP-85 A b",2.65567770000,0.0390000000,1.090000,"Transit",2016
"Kepler-553 b",4.03046700000,0.0476600000,0.889000,"Transit",2016
"K2-52 b",3.53505500000,0.0540000000,1.691000,"Transit",2016
"K2-31 b",1.25785000000,0.0220000000,0.910000,"Transit",2016
"K2-53 b",12.20772000000,0.0980000000,0.851000,"Transit",2016
"K2-32 b",8.99200000000,0.0795000000,0.830000,"Transit",2016
"K2-32 d",31.71701000000,0.1842200000,0.830000,"Transit",2016
"K2-32 c",20.66093000000,0.1384300000,0.830000,"Transit",2016
"K2-289 b",13.15696900000,0.1070000000,0.953000,"Transit",2019
"K2-167 b",9.97854100000,0.0932000000,1.084000,"Transit",2018
"K2-265 b",2.36902000000,0.0335900000,0.901000,"Transit",2018
"K2-57 b",9.00730000000,0.0752000000,0.699000,"Transit",2016
"K2-58 b",7.05254000000,0.0692000000,0.890000,"Transit",2016
"K2-58 c",2.53726000000,0.0350000000,0.890000,"Transit",2016
"K2-58 d",22.88270000000,0.1517000000,0.890000,"Transit",2016
"K2-59 b",20.69210000000,0.1354000000,0.774000,"Transit",2016
"K2-59 c",11.29540000000,0.0905000000,0.774000,"Transit",2016
"Kepler-230 b",32.62555500000,0.1910000000,,"Transit",2014
"K2-60 b",3.00265000000,0.0450000000,0.970000,"Transit",2016
"K2-63 c",25.45560000000,0.1890000000,1.400000,"Transit",2016
"K2-63 b",20.25700000000,0.1627000000,1.400000,"Transit",2016
"K2-116 b",4.65541100000,0.0480000000,0.694512,"Transit",2017
"K2-64 b",6.53044000000,0.0619000000,0.741000,"Transit",2016
"K2-65 b",12.64750000000,0.1014000000,0.870000,"Transit",2016
"K2-66 b",5.06963000000,0.0598300000,1.110000,"Transit",2016
"K2-68 b",8.05428000000,0.0708000000,0.730000,"Transit",2016
"K2-69 b",7.06599000000,0.0591000000,0.551000,"Transit",2016
"K2-70 b",13.97896000000,0.1112000000,0.940000,"Transit",2016
"HAT-P-11 b",4.88800000000,0.0525800000,0.811000,"Transit",2010
"Kepler-118 c",20.17202000000,0.1410000000,,"Transit",2014
"K2-71 b",6.98541000000,0.0559000000,0.477000,"Transit",2016
"K2-72 b",5.57721200000,0.0400000000,0.271365,"Transit",2016
"K2-74 b",19.56660000000,0.1402000000,0.960000,"Transit",2016
"K2-28 b",2.26045500000,0.0214000000,0.257000,"Transit",2016
"Kepler-1976 b",4.95931924400,0.0565000000,0.976000,"Transit Timing Variations",2023
"K2-75 b",7.81420000000,0.0810000000,1.160000,"Transit",2016
"K2-75 c",18.31100000000,0.1429000000,1.160000,"Transit",2016
"Kepler-166 b",7.65025400000,0.0720000000,,"Transit",2014
"K2-54 b",9.78330000000,0.0761000000,0.615000,"Transit",2016
"K2-72 c",15.18903400000,0.0780000000,0.271365,"Transit",2016
"K2-72 d",7.76017800000,0.0500000000,0.271365,"Transit",2016
"K2-72 e",24.15886800000,0.1060000000,0.271365,"Transit",2016
"K2-77 b",8.20008440000,0.0753000000,0.847000,"Transit",2016
"K2-79 b",10.99503900000,0.0987000000,1.060000,"Transit",2016
"K2-80 b",19.09180000000,0.1350000000,0.900000,"Transit",2016
"K2-80 c",5.60500000000,0.0596000000,0.900000,"Transit",2016
"K2-81 b",6.10232500000,0.0590000000,0.745273,"Transit",2016
"K2-83 b",2.74697000000,0.0301400000,0.484000,"Transit",2016
"K2-83 c",9.99767000000,0.0713100000,0.484000,"Transit",2016
"K2-174 b",19.56230700000,0.1260000000,0.700000,"Transit",2018
"K2-84 b",6.42150000000,0.0665000000,0.950000,"Transit",2016
"K2-84 c",27.86000000000,0.1768000000,0.950000,"Transit",2016
"K2-86 b",8.77683000000,0.0770000000,0.790000,"Transit",2016
"K2-87 b",9.72661800000,0.0940000000,1.164000,"Transit",2016
"K2-88 b",4.61220000000,0.0345000000,0.258000,"Transit",2016
"K2-89 b",1.09602600000,0.0146200000,0.347000,"Transit",2016
"K2-111 b",5.35189630000,0.0565000000,0.840000,"Transit",2017
"K2-90 b",13.73331400000,0.0960000000,0.629000,"Transit",2016
"K2-90 c",2.90070600000,0.0350000000,0.704613,"Transit",2016
"K2-91 b",1.41954900000,0.0164000000,0.292000,"Transit",2016
"K2-180 b",8.86566300000,0.0756000000,0.735000,"Transit",2018
"K2-117 b",1.29160000000,0.0189000000,0.540000,"Transit",2017
"K2-97 b",8.40711500000,0.0854000000,1.170000,"Transit",2016
"K2-182 b",4.73696960000,0.0517400000,0.823000,"Transit",2018
"K2-98 b",10.13673490000,0.0986000000,1.246000,"Transit",2016
"K2-114 b",11.39093100000,0.0944000000,0.863000,"Transit",2017
"K2-115 b",20.27299140000,0.1415000000,0.918000,"Transit",2017
"K2-269 b",4.14496500000,0.0531000000,1.160000,"Transit",2018
"K2-419 A b",20.35847252000,0.1208000000,0.562000,"Transit",2024
"K2-270 c",4.40002800000,0.0497000000,0.850000,"Transit",2018
"K2-184 b",16.97801020000,0.1685000000,0.840000,"Transit",2018
"K2-271 b",8.56242100000,0.0770000000,0.830000,"Transit",2018
"K2-108 b",4.73399900000,0.0581000000,1.170000,"Transit",2017
"K2-119 b",7.72728300000,0.0698000000,0.760000,"Transit",2017
"K2-272 b",14.45367560000,0.1007000000,0.860000,"Transit",2018
"K2-273 b",11.71956630000,0.0729000000,0.890000,"Transit",2018
"EPIC 211945201 b",19.49221000000,0.1493000000,1.170000,"Transit",2018
"K2-104 b",1.97419540000,0.0242000000,0.510000,"Transit",2016
"K2-100 b",1.67390350000,0.0301000000,1.150000,"Transit",2016
"K2-122 b",2.21930230000,0.0373000000,0.630000,"Transit",2017
"K2-274 b",14.13303140000,0.0964000000,0.790000,"Transit",2018
"K2-123 b",30.95152400000,0.1649000000,0.620000,"Transit",2017
"K2-276 b",18.71826900000,0.1291000000,0.820000,"Transit",2018
"K2-124 b",6.41365100000,0.0490000000,0.390000,"Transit",2017
"K2-188 c",7.81025300000,0.0785000000,1.060000,"Transit",2018
"Kepler-538 b",81.73778000000,0.3554000000,0.892000,"Transit",2016
"K2-277 b",6.32676800000,0.0664000000,0.974000,"Transit",2018
"K2-278 b",3.33496600000,0.0488000000,1.400000,"Transit",2018
"K2-126 b",7.38565500000,0.0656000000,0.690000,"Transit",2017
"K2-110 b",13.86375000000,0.1020700000,0.738000,"Transit",2017
"K2-127 b",3.58816300000,0.0411000000,0.720000,"Transit",2017
"K2-192 b",4.16281700000,0.0490000000,0.900000,"Transit",2018
"Kepler-180 c",41.88577500000,0.2290000000,,"Transit",2014
"K2-193 b",14.78688900000,0.1184000000,1.010000,"Transit",2018
"K2-195 b",15.85297500000,0.1208000000,0.940000,"Transit",2018
"K2-197 b",8.35788100000,0.0806000000,1.000000,"Transit",2018
"EPIC 212737443 b",13.60300000000,0.0980000000,0.690000,"Transit",2019
"K2-279 b",7.12260500000,0.0670000000,0.790000,"Transit",2018
"K2-99 b",18.24783000000,0.1530000000,1.440000,"Transit",2016
"K2-275 b",3.28096260000,0.0277000000,0.770000,"Transit",2018
"K2-275 c",8.43883850000,0.0881000000,0.770000,"Transit",2018
"K2-199 b",3.22539930000,0.0382000000,0.711000,"Transit",2018
"K2-199 c",7.37448970000,0.0662000000,0.711000,"Transit",2018
"Kepler-181 c",4.30214900000,0.0490000000,,"Transit",2014
"Kepler-730 c",2.85188338000,0.0399700000,1.047000,"Transit",2018
"Kepler-182 c",20.68434200000,0.1570000000,,"Transit",2014
"Kepler-231 c",19.27156600000,0.1140000000,,"Transit",2014
"Kepler-197 c",10.34969500000,0.0900000000,,"Transit",2014
"Kepler-155 b",5.93119400000,0.0560000000,,"Transit",2014
"Kepler-1704 b",988.88112000000,2.0270000000,1.132000,"Transit",2021
"Kepler-232 b",4.43122200000,0.0540000000,,"Transit",2014
"Kepler-233 b",8.47238200000,0.0770000000,,"Transit",2014
"Kepler-11 c",13.02410000000,0.1070000000,0.961000,"Transit",2010
"Kepler-156 b",4.97345600000,0.0540000000,,"Transit",2014
"Kepler-9 c",38.98530000000,0.2270000000,1.022000,"Transit",2010
"Kepler-234 c",7.21205000000,0.0770000000,,"Transit",2014
"Kepler-146 c",76.73217100000,0.3640000000,,"Transit",2014
"Kepler-30 c",60.32310500000,0.3000000000,0.990000,"Transit",2012
"Kepler-158 c",28.55138300000,0.1580000000,,"Transit",2014
"Kepler-80 c",9.52355000000,0.0792000000,0.730000,"Transit",2012
"Kepler-150 d",12.56093000000,0.1040000000,,"Transit",2014
"Kepler-159 c",43.59579200000,0.2180000000,,"Transit",2014
"Kepler-202 c",16.28249300000,0.1130000000,,"Transit",2014
"Kepler-203 c",5.37064700000,0.0610000000,,"Transit",2014
"Kepler-170 c",16.66586300000,0.1310000000,,"Transit",2014
"Kepler-172 c",6.38899600000,0.0680000000,,"Transit",2014
"Kepler-205 c",20.30654600000,0.1220000000,,"Transit",2014
"Kepler-196 c",47.42773700000,0.2400000000,,"Transit",2014
"Kepler-245 d",36.27710800000,0.2020000000,,"Transit",2014
"Kepler-82 c",51.54000000000,0.2626000000,0.910000,"Transit",2012
"Kepler-247 d",20.47791200000,0.1400000000,,"Transit",2014
"Kepler-184 c",20.30300500000,0.1410000000,,"Transit",2014
"Kepler-210 b",2.45323400000,0.0320000000,,"Transit",2014
"Kepler-248 b",6.30820500000,0.0660000000,,"Transit",2014
"Kepler-83 d",5.16979600000,0.0510000000,,"Transit",2014
"Kepler-174 c",44.00052900000,0.2140000000,,"Transit",2014
"Kepler-186 d",13.34299600000,0.0781000000,0.478000,"Transit",2014
"Kepler-251 d",30.13300100000,0.1820000000,,"Transit",2014
"Kepler-253 d",18.11986900000,0.1300000000,,"Transit",2014
"Kepler-215 b",9.36067200000,0.0840000000,,"Transit",2014
"Kepler-62 b",5.71493200000,0.0553000000,0.690000,"Transit",2013
"Kepler-192 c",21.22340000000,0.1500000000,,"Transit",2014
"Kepler-33 f",41.02902000000,0.2535000000,1.291000,"Transit",2011
